date,implied_vol,implied_vol_smooth,implied_vol_percentile,price_median,turnover_total,parity_median,premium_median,floor_premium_median,floor_median,remaining_median,ytm_median
2018-01-02,22.20701224768641,22.20701224768641,100.0,103.93,14.91127099,91.63,10.86,26.93,81.5,5.43013698630137,1.671770453453064
2018-01-03,22.33413150288404,22.27057187528523,100.0,103.04,18.42064273,93.375,10.19,28.385,81.0,5.467123287671233,1.627082347869873
2018-01-04,23.18530445103982,22.57548273387009,100.0,103.605,15.49452356,93.27000000000001,11.215,29.315,80.95,5.464383561643835,1.338776290416718
2018-01-05,22.88288621828147,22.65233360497294,75.0,105.84,19.97343087,94.26,11.93,30.65,81.19999999999999,5.461643835616439,0.968573898077011
2018-01-08,22.15430295111603,22.55272747420155,20.0,105.9805,20.51326499,94.775,12.34,30.68,81.1,5.453424657534247,0.8192966580390929
2018-01-09,20.2542782121776,22.16965259719756,16.66666666666667,104.18,33.9305384,95.13,11.06,28.62,81.6,5.49041095890411,1.138580441474915
2018-01-10,23.74270913590715,22.39437495987036,100.0,103.56,17.63460019,93.35,12.1,28.57,81.5,5.487671232876712,1.217816948890686
2018-01-11,23.08042653313536,22.48013140652849,75.0,103.44,14.3965261,94.14,11.7,28.19,81.4,5.484931506849315,1.481503486633301
2018-01-12,22.6855254876994,22.50295297110303,55.55555555555556,104.716,50.16850119,94.22999999999999,12.105,29.265,81.1,5.591780821917808,1.090510010719299
2018-01-15,22.10336337887555,22.46299401188028,20.0,102.48,44.80005679,91.92,14.395,26.35,80.55000000000001,5.736986301369863,1.55778044462204
2018-01-16,22.38950473927414,22.45631316891609,54.54545454545454,103.06,24.13798283,93.44,14.38,26.37,80.7,5.69041095890411,1.369573712348938
2018-01-17,22.78862596170335,22.48400590164836,66.66666666666666,102.705,39.12060241,92.705,13.745,26.58,80.44999999999999,5.731506849315068,1.678903579711914
2018-01-18,22.99667449045298,22.52344194694102,76.92307692307693,102.73,22.43200968,93.33,13.48,26.555,80.55000000000001,5.728767123287671,1.613573789596558
2018-01-19,24.3840166823019,22.65634014232394,100.0,103.43,32.96926398,93.06,15.11,29.99,80.4,5.76986301369863,1.549962639808655
2018-01-22,23.80323498566654,22.73279979854678,93.33333333333333,104.8605,34.21662191,93.965,14.7,30.97,80.30000000000001,5.768493150684931,1.169017612934112
2018-01-23,22.62890625,22.72630645176261,43.75,105.725,46.12875585,93.88,14.97,30.74,80.35,5.765753424657534,0.9835227131843567
2018-01-24,23.77734375,22.78813217518834,88.23529411764706,106.3515,43.47575644,93.6,15.09,32.71,80.4,5.763013698630137,0.7679094970226288
2018-01-25,24.16015625,22.86435573490009,94.44444444444444,106.838,46.43070492,93.12,15.18,33.1,80.4,5.767123287671233,0.6472229957580566
2018-01-26,24.08037897524867,22.92835695807634,89.47368421052632,105.63,39.16070505,93.02,16.2,33.04,80.4,5.767123287671233,0.8256505131721497
2018-01-29,23.57406840329011,22.96064253033703,70.0,104.005,72.47810041,92.4,14.55,31.63,80.19999999999999,5.76986301369863,1.08163982629776
2018-01-30,23.01171875,22.96307473127336,57.14285714285714,105.294,37.32136537,92.68,13.41,30.77,80.2,5.767123287671233,1.129714250564575
2018-01-31,24.83727223301968,23.04826552680728,100.0,104.3,26.31390959,89.91,14.14,30.22,80.2,5.764383561643836,1.330004811286926
2018-02-01,27.02214500663737,23.22104289549555,100.0,103.43,36.8126965,87.14,18.02,28.55,80.2,5.761643835616439,1.572318553924561
2018-02-02,26.45703125,23.3558757435999,95.83333333333334,103.21,23.09434012,86.63,19.64,28.85,80.3,5.758904109589041,1.493854403495789
2018-02-05,27.4497384471562,23.51963025174215,100.0,103.42,30.40545279,85.54,18.92,28.56,80.3,5.750684931506849,1.60068941116333
2018-02-06,27.28353842101805,23.66439595056045,96.15384615384616,101.634,58.30464077,82.41,24.45,26.735,80.35,5.750684931506848,1.660062789916993
2018-02-07,26.60600110272627,23.77334428952956,88.88888888888889,101.725,42.26052577,83.16999999999999,21.99,26.355,80.35,5.747945205479452,1.688627660274506
2018-02-08,26.14914309574743,23.85819424689448,82.14285714285714,102.148,37.47217574,83.985,20.225,26.595,80.5,5.745205479452055,1.680744469165802
2018-02-09,26.68919643875491,23.95581501213105,89.65517241379311,100.845,51.08063393,81.92500000000001,22.955,24.735,80.5,5.742465753424657,1.81833827495575
2018-02-12,25.41737201246072,24.0045335788087,76.66666666666667,102.905,23.4304463,84.41,20.18,27.115,80.5,5.734246575342466,1.468007683753967
2018-02-13,25.42111424993875,24.11167031221712,77.41935483870968,103.52,29.56433187,85.745,19.785,28.015,80.55,5.731506849315068,1.460428953170776
2018-02-14,26.86918623068284,24.26283880314374,90.625,103.002,12.49525315,85.57,20.54,28.52,80.5,5.731506849315068,1.435565590858459
2018-02-22,25.7624892625293,24.34874496352672,75.75757575757575,103.74,20.77583289,86.82,18.67,28.56,80.7,5.70958904109589,1.354981780052185
2018-02-23,24.61039070160581,24.4063284463042,64.70588235294117,103.79,18.19781369,86.71,18.46,28.32,80.7,5.706849315068493,1.391685009002686
2018-02-26,23.01171875,24.43490897293367,37.14285714285714,104.799,27.02989017,90.23,15.78,29.09,80.9,5.698630136986301,1.220039844512939
2018-02-27,22.72380449941646,24.51722651584163,25.0,104.789,24.66624967,90.62,15.35,28.53,81.0,5.695890410958904,1.244195938110352
2018-02-28,22.24609375,24.46733933631139,13.51351351351351,104.27,20.30866122,91.86,15.47,28.31,81.1,5.693150684931507,1.154898166656494
2018-03-01,21.86328125,24.42676782687355,5.263157894736842,105.98,21.03510073,91.52,14.18,28.03,81.3,5.69041095890411,1.128638386726379
2018-03-02,21.49340718244933,24.38703055003188,5.128205128205128,105.25,18.43063674,91.85,14.93,27.45,81.4,5.687671232876713,1.137674808502197
2018-03-05,21.48046875,24.36626739573603,5.0,105.025,40.51042544,92.795,12.965,27.12,81.4,5.682191780821918,1.071431696414948
2018-03-06,20.89043611252041,24.3162984415109,4.878048780487805,105.1,23.95601279,93.91499999999999,12.975,27.745,81.45,5.67945205479452,1.287731766700744
2018-03-07,20.71484375,24.24717236778746,4.761904761904763,105.625,18.34398509,95.045,12.905,27.52,81.55,5.676712328767123,1.236776828765869
2018-03-08,19.56640625,24.13283009310569,2.325581395348837,105.63,13.89803999,95.305,13.38,27.615,81.65,5.673972602739726,1.231220781803131
2018-03-09,20.33203125,23.99776391202896,6.818181818181817,105.8,19.60792129,96.22999999999999,12.79,27.83,81.65,5.671232876712329,1.217466533184052
2018-03-12,19.94921875,23.86929670417341,4.444444444444446,106.685,25.32131549,96.84,11.455,28.605,81.65,5.663013698630138,0.7870837152004242
2018-03-13,19.96014450103125,23.78033797920778,6.521739130434782,106.967,19.7355414,96.19,11.975,28.57,81.65,5.66027397260274,0.6368080079555511
2018-03-14,21.09765625,23.69101506254112,17.02127659574468,106.3,26.86543006,94.58,12.38,27.98,81.6,5.66027397260274,0.7804871201515198
2018-03-15,21.04201868547416,23.58707714372359,16.66666666666667,106.69,15.89161702,95.4,12.04,27.52,81.6,5.657534246575342,0.9955673217773438
2018-03-16,21.44598422306989,23.49926398531763,20.40816326530612,105.69,17.2482601,94.73,13.84,27.52,81.6,5.654794520547945,0.9758211970329285
2018-03-19,20.71484375,23.40395649687463,14.0,106.579,18.54138004,95.33500000000001,12.855,28.025,81.7,5.656164383561645,1.020858585834503
2018-03-20,20.89402460440727,23.33336669202154,17.64705882352941,105.045,13.97223181,95.46000000000001,13.095,26.995,81.7,5.653424657534247,1.015911936759949
2018-03-21,21.09765625,23.20871282592088,23.07692307692308,105.41,18.08381729,95.07,12.62,27.12,81.85,5.650684931506849,1.079813033342362
2018-03-22,21.24381948504155,23.01610197520102,24.52830188679245,105.508,29.69834226,95.14,12.49,26.88,81.9,5.638356164383562,0.983680009841919
2018-03-23,22.62890625,22.88849780853435,46.2962962962963,104.37,35.62762773,90.20500000000001,16.575,25.925,81.9,5.645205479452055,1.215676248073577
2018-03-26,21.48046875,22.68952215196248,29.09090909090909,104.43,20.54988881,90.83500000000001,14.77,25.455,82.0,5.636986301369863,1.15974223613739
2018-03-27,21.09765625,22.48332607959521,23.21428571428572,105.0,27.21399506,93.25,12.96,26.33,82.0,5.643835616438357,1.153033256530762
2018-03-28,21.1155099326035,22.30030970725779,24.56140350877193,104.27,16.96463966,93.62,13.93,25.79,82.2,5.641095890410959,1.176101565361023
2018-03-29,20.80998888022398,22.12233790007367,13.79310344827586,104.5,17.97084781,93.62,11.98,25.99,82.1,5.638356164383562,1.098316192626953
2018-03-30,20.13248745021666,21.90378093378906,6.779661016949152,105.52,19.17673473,93.96,11.47,26.39,82.3,5.635616438356164,0.7921064496040344
2018-04-02,20.71484375,21.74702999170704,15.0,105.385,22.77198658,95.25,11.95,26.745,82.30000000000001,5.627397260273972,0.8797962665557861
2018-04-03,21.34761854532301,21.61124680155318,31.14754098360656,105.27,14.22902641,94.34,14.255,26.165,82.4,5.624657534246575,0.886023074388504
2018-04-04,22.46961331455978,21.46459437101574,50.0,105.315,14.50658431,94.755,15.145,26.51,82.5,5.621917808219179,0.950883388519287
2018-04-09,22.09145384234825,21.34222652367638,39.68253968253968,105.635,13.37559626,94.32,14.645,26.87,82.75,5.608219178082192,0.8395200669765472
2018-04-10,21.48046875,21.23789579195618,35.9375,105.5,20.18359695,93.82,13.51,27.11,82.8,5.605479452054794,0.794175922870636
2018-04-11,21.48046875,21.18685412528951,36.92307692307693,105.746,48.38887315,93.89,13.665,27.5,82.6,5.612328767123288,0.840539276599884
2018-04-12,21.74834058391001,21.1543386614393,39.39393939393939,105.5485,14.57070193,93.205,13.615,26.815,82.69999999999999,5.609589041095891,0.8957442045211792
2018-04-13,21.48046875,21.12881782810597,37.3134328358209,105.3855,13.04131747,92.905,13.605,26.535,82.69999999999999,5.606849315068493,0.9713177978992462
2018-04-16,21.90374153020768,21.13016650411289,42.64705882352941,105.0375,17.71579403,92.58500000000001,15.21,25.33,82.9,5.598630136986301,1.018471181392669
2018-04-17,23.74582727211772,21.20524717376851,73.91304347826086,104.425,20.3277619,90.19,18.01,24.495,83.1,5.595890410958904,1.27094179391861
2018-04-18,22.71104176858937,21.24626627438815,58.57142857142858,104.4995,21.51279269,90.77,17.285,24.08,83.85,5.593150684931507,1.273152828216553
2018-04-19,22.6931439426348,21.30635653539196,57.74647887323944,105.021,24.8092335,90.64,16.09,23.95,83.8,5.6,1.260440945625305
2018-04-20,23.39453125,21.39567945205863,70.83333333333334,104.2,12.88862815,88.48,17.98,23.39,83.9,5.597260273972603,1.382086634635925
2018-04-23,22.63951144341609,21.49811629183916,54.7945205479452,102.87,15.0782341,88.17,18.57,22.02,83.8,5.589041095890411,1.525421023368835
2018-04-24,22.3306888480199,21.56473821177316,47.29729729729731,104.38,20.93552796,90.53,15.87,23.67,83.8,5.586301369863014,1.34914767742157
2018-04-25,21.62884472275896,21.62072574419846,36.0,104.255,16.3271685,89.82,14.89,23.07,83.80000000000001,5.583561643835616,1.533037245273591
2018-04-26,21.92530002565791,21.68623092835269,40.78947368421053,102.805,12.8707302,88.09,17.095,22.365,83.55,5.580821917808219,1.574028313159943
2018-04-27,22.59436024733522,21.73612106159719,53.24675324675324,103.3685,13.95792791,88.78,16.535,22.975,83.55,5.578082191780822,1.459498822689056
2018-05-02,22.62890625,21.78901731374805,56.41025641025641,103.11,10.09731041,89.535,17.46,22.68,83.55,5.564383561643836,1.482572793960571
2018-05-03,21.31469372198823,21.784640963712,24.05063291139241,103.605,16.33480379,90.99000000000001,14.515,23.845,83.55,5.561643835616438,1.439324259757996
2018-05-04,22.24609375,21.83568263037866,47.5,104.0895,13.79502534,90.8,15.155,24.02,83.45,5.558904109589041,1.383808255195617
2018-05-07,22.24609375,21.88075160189842,48.14814814814815,104.77,20.25212492,93.04,14.67,25.02,83.4,5.550684931506849,1.28644585609436
2018-05-08,21.8651889999096,21.90633602689541,37.80487804878049,104.99,21.85301734,93.04,14.42,25.07,83.2,5.547945205479452,1.264252066612244
2018-05-09,21.79951419843719,21.9248591840086,36.14457831325301,104.81,14.28733898,92.28,14.18,24.87,83.1,5.545205479452055,1.228459358215332
2018-05-10,21.69618253123826,21.8937683933832,34.52380952380952,104.78,15.43676612,92.75,13.8,24.28,83.1,5.542465753424658,1.1643887758255
2018-05-11,21.99504826550216,21.91092104389994,42.35294117647059,104.895,30.35016008,92.475,14.815,24.345,83.05,5.545205479452054,1.222845375537872
2018-05-14,22.43764941956338,21.95558748288539,54.65116279069767,104.49,21.7836882,92.03,14.33,24.2,83.0,5.542465753424658,1.143684387207031
2018-05-15,22.3710671449609,21.99743938996397,52.87356321839081,104.52,15.42671982,93.11,12.68,23.88,82.9,5.53972602739726,1.157086849212646
2018-05-16,21.09765625,22.00702830228984,19.31818181818182,104.55,19.46803824,91.305,13.705,24.005,82.85,5.54109589041096,1.195130825042725
2018-05-17,21.68681098438374,22.05883908676207,33.70786516853932,104.76,17.47265019,91.43,14.19,24.49,83.0,5.538356164383561,1.224102079868317
2018-05-18,21.48046875,22.0843599200954,31.11111111111111,104.645,15.32036878,91.84,13.96,24.445,83.0,5.535616438356165,1.212408423423767
2018-05-21,19.03677902454104,22.00733193606934,1.098901098901099,105.151,25.3107859,94.125,12.6,24.43,83.0,5.527397260273973,1.166772723197937
2018-05-22,19.68466046065406,21.91450017427248,3.260869565217391,105.075,17.86149163,93.605,10.975,23.89,83.05,5.524657534246575,1.221270322799682
2018-05-23,19.18359375,21.81757150452754,2.150537634408602,104.775,18.88342673,92.42,11.505,22.955,83.19999999999999,5.521917808219178,1.320362210273742
2018-05-24,19.94921875,21.76652983786088,6.382978723404255,104.49,17.70550164,92.6,12.435,22.26,83.25,5.519178082191781,1.378797650337219
2018-05-25,20.26120125740101,21.72588758810758,10.52631578947368,103.755,14.6654153,90.8,13.485,21.765,83.4,5.516438356164384,1.555424928665161
2018-05-28,19.56640625,21.65315644364391,4.166666666666666,103.425,15.1766945,91.98,13.46,21.4,83.4,5.508219178082191,1.590128302574158
2018-05-29,19.56640625,21.58935436031057,5.154639175257731,103.35,17.52262555,90.595,13.675,20.465,83.19999999999999,5.505479452054795,1.733097195625305
2018-05-30,19.94921875,21.52420360097032,9.183673469387756,101.28,19.26740794,86.89,14.775,19.1,83.1,5.502739726027397,2.002203285694122
2018-05-31,19.56640625,21.38488956689973,6.060606060606061,101.405,14.21948068,88.485,13.08,19.335,83.1,5.5,1.930247068405151
2018-06-01,19.12550071096198,21.26537153164548,2.0,101.155,12.77547218,88.81,14.925,19.32,83.1,5.497260273972603,1.880949974060059
2018-06-04,19.0813880822254,21.14497966963183,1.98019801980198,100.735,19.871962,87.49000000000001,13.665,18.435,83.1,5.489041095890411,2.014149963855743
2018-06-05,18.41796875,20.97909425296517,0.9803921568627451,101.08,17.81264437,89.99000000000001,12.99,18.875,83.1,5.486301369863014,1.920149981975555
2018-06-06,18.896484375,20.85432668401797,1.941747572815534,101.1,14.20272454,89.81,12.525,19.42,83.1,5.483561643835616,1.905550003051758
2018-06-07,18.96232479418262,20.74204788222339,2.884615384615385,101.525,13.93096857,89.875,14.115,18.915,83.1,5.480821917808219,1.911850035190582
2018-06-08,18.9443359375,20.65256425604809,2.857142857142857,100.51,12.05878296,88.11,15.33,18.38,83.19999999999999,5.478082191780822,1.981650054454803
2018-06-11,18.91496426218344,20.55221973059894,2.830188679245283,100.43,13.38005568,87.445,15.57,18.595,83.3,5.46986301369863,1.975099980831146
2018-06-12,18.7111134975261,20.42277817227197,1.869158878504673,100.8835,13.85647605,87.92500000000001,15.155,19.0,83.35,5.467123287671233,1.922749996185303
2018-06-13,18.78183534100462,20.29454247530546,2.777777777777778,100.6005,10.28010432,86.5,15.965,18.685,83.25,5.464383561643835,2.06059992313385
2018-06-14,18.95092550508394,20.21575020140865,6.422018348623854,100.175,8.79065605,85.21000000000001,15.955,18.625,83.15,5.461643835616439,2.113199949264526
2018-06-15,21.37803219617381,20.18681481628111,37.27272727272727,99.6495,10.63880029,83.515,16.13,17.665,83.15,5.45890410958904,2.205749988555908
2018-06-19,22.23703752854566,20.18651294223263,57.65765765765766,96.27000000000001,16.52435818,77.75,21.335,14.135,83.05,5.447945205479453,2.871850013732911
2018-06-20,22.18254930063309,20.19709161892342,56.25,96.726,15.48352654,77.845,20.9,13.885,83.05,5.445205479452055,2.787999987602234
2018-06-21,22.82910234636687,20.2314112238544,75.22123893805309,96.1815,14.05647849,76.53,23.595,13.15,83.15,5.442465753424658,2.888150095939637
2018-06-22,21.72956189403678,20.23252386928102,46.49122807017544,95.999,17.55767401,78.18,22.33,13.8,83.1,5.443835616438356,2.861999988555908
2018-06-25,21.80551702897043,20.22620616139663,48.69565217391305,97.2,15.39969205,78.73,22.93,13.74,83.2,5.435616438356164,2.854399919509888
2018-06-26,22.34361970094467,20.22307183744267,62.93103448275862,97.0,15.87143909,78.94,22.16,14.37,82.9,5.432876712328767,2.730499982833862
2018-06-27,21.48016283627045,20.19337502715299,36.75213675213675,96.22,16.61711013,79.02,21.6,13.2,83.0,5.43013698630137,2.900000095367432
2018-06-28,21.34095479100879,20.20148497851995,33.89830508474576,96.3,12.31862205,79.34,21.52,13.01,83.2,5.427397260273972,2.885900020599365
2018-06-29,22.04925595181426,20.2135664774343,53.78151260504202,97.64,19.76162799,80.89500000000001,19.545,14.595,83.3,5.428767123287671,2.620350003242493
2018-07-02,21.53828281578427,20.21549361296045,43.33333333333333,97.064,11.06376024,78.99000000000001,21.365,13.23,83.45,5.420547945205479,2.703649997711182
2018-07-03,21.32360553584843,20.29172116333736,33.05785123966943,97.875,19.27009963,80.39500000000001,19.88,13.995,83.65,5.417808219178083,2.583400011062623
2018-07-04,21.57500327443707,20.35473259046346,44.26229508196721,97.62,14.3466113,79.095,21.005,13.33,83.7,5.415068493150685,2.580000042915344
2018-07-05,22.93054641415124,20.47963101260183,78.04878048780488,97.3005,14.2533184,77.315,23.015,13.235,83.75,5.412328767123288,2.635400056838989
2018-07-06,22.61606546516149,20.56852590310721,68.54838709677419,97.5,17.01324654,78.35,22.955,13.5,83.75,5.40958904109589,2.630699992179871
2018-07-09,22.80122470822986,20.65319335146818,76.0,98.31,16.73450776,78.79,21.2,15.19,83.8,5.405479452054794,2.48580002784729
2018-07-10,22.75968446510996,20.75963595863851,74.60317460317461,98.64,14.47740956,79.955,21.285,15.12,83.65,5.404109589041095,2.426249980926514
2018-07-11,23.26382374573958,20.88288320849649,82.67716535433071,97.945,12.37938892,77.32499999999999,23.485,14.825,83.65,5.401369863013699,2.526550054550171
2018-07-12,23.11595105432905,20.98844095197413,81.25,99.815,16.46561077,79.65,21.885,16.245,83.7,5.398630136986302,2.308249950408936
2018-07-13,23.9293149777881,21.1338712429004,87.59689922480621,99.845,12.81733944,80.15,20.375,16.6,83.65,5.398630136986302,2.366849899291992
2018-07-16,23.81348108863157,21.29013725548939,86.92307692307692,99.2,10.71725916,80.68,21.05,15.975,83.8,5.390410958904109,2.300250053405762
2018-07-17,23.64102986547262,21.44212531493096,83.20610687022901,99.4045,11.76491815,79.985,20.94,17.18,83.8,5.387671232876713,2.330049991607666
2018-07-18,23.8234650922665,21.62230852633984,87.12121212121212,99.6,11.58251992,80.00999999999999,21.74,17.39,83.9,5.384931506849315,2.254950046539307
2018-07-19,24.16749419668983,21.7980088537295,89.47368421052632,99.75999999999999,10.69727257,78.845,22.525,16.905,84.1,5.382191780821918,2.253250002861023
2018-07-20,24.05549240967906,21.96778110757939,87.31343283582089,100.0505,19.35606661,79.91499999999999,21.57,18.155,84.19999999999999,5.37945205479452,2.087700009346008
2018-07-23,22.77127253307615,22.09534566076526,70.37037037037037,100.12,20.98399151,80.695,21.875,18.315,84.45,5.371232876712329,2.029100060462952
2018-07-24,22.0546875,22.20000310202581,50.0,100.4865,28.79320215,82.34,20.185,18.68,84.3,5.372602739726028,2.040300011634827
2018-07-25,21.27072376882705,22.2853234444025,28.46715328467153,100.4035,18.26983004,82.995,20.015,18.185,84.3,5.36986301369863,2.084949970245361
2018-07-26,21.94350471040031,22.39071242338236,48.55072463768116,99.675,14.32067231,82.33500000000001,20.6,17.01,84.5,5.367123287671233,2.170549988746644
2018-07-27,22.34393068055506,22.50381259589807,59.71223021582733,99.51,12.55349703,81.82,20.355,17.055,84.7,5.364383561643836,2.178749918937683
2018-07-30,22.70290041025135,22.54797486970065,68.57142857142857,99.165,11.4735911,81.16499999999999,21.075,17.075,84.7,5.356164383561643,2.307100057601929
2018-07-31,22.02425846081419,22.54088223410961,48.93617021276596,99.25,24.92345482,81.2,20.595,17.27,84.8,5.363013698630136,2.284049987792969
2018-08-01,22.00770866585101,22.5350542129502,48.59154929577465,99.0,15.80319144,80.31,21.46,16.01,85.0,5.367123287671233,2.413399934768677
2018-08-02,22.33506934727384,22.51858644631376,58.74125874125874,98.301,15.52821358,78.69,23.88,15.23,85.2,5.364383561643836,2.485699892044067
2018-08-03,22.26013791239161,22.53627231359226,56.94444444444444,97.99,13.04414765,78.38,25.23,14.68,85.2,5.361643835616438,2.574100017547607
2018-08-06,22.24609375,22.55095820429325,56.55172413793104,97.793,11.47746439,75.77,27.0,13.84,85.4,5.353424657534246,2.586100101470947
2018-08-07,23.01171875,22.57322817259509,78.08219178082192,98.492,19.30520939,76.91,24.37,14.42,85.6,5.35068493150685,2.365900039672852
2018-08-08,23.46923802793373,22.63953067898387,81.63265306122449,98.11,11.39985831,76.21,26.85,14.11,85.5,5.347945205479452,2.466200113296509
2018-08-09,23.55261474440866,22.71325267743053,81.75675675675676,99.05,17.49515522,77.52,25.02,14.89,85.4,5.345205479452055,2.366300106048584
2018-08-10,23.32141182350468,22.75565787315354,79.86577181208054,98.988,13.14171021,77.66,24.56,15.27,85.1,5.342465753424658,2.369800090789795
2018-08-13,22.62523838118339,22.79188972533351,63.33333333333333,99.0,14.44207214,80.145,23.42,15.465,84.95,5.327397260273973,2.342000007629395
2018-08-14,22.24609375,22.8226393324719,54.96688741721854,98.05,14.32787411,80.29,22.21,15.44,84.5,5.336986301369863,2.435699939727783
2018-08-15,23.01171875,22.87052984832399,76.97368421052632,97.9,11.70637418,78.96,22.79,15.25,84.4,5.334246575342465,2.658999919891357
2018-08-16,23.52956264900959,22.89049705615261,81.69934640522875,97.61,12.99387376,78.17,23.36,15.2,84.2,5.331506849315068,2.719300031661987
2018-08-17,23.90299324343631,22.93339464876177,87.66233766233766,97.24,10.4747509,76.76,25.37,15.34,84.0,5.328767123287671,2.766400098800659
2018-08-20,23.40155177591373,22.9534055510179,80.0,97.353,16.47451069,77.01,23.26,15.08,83.8,5.32054794520548,2.769000053405762
2018-08-21,23.40282075171691,22.97484342723813,80.12820512820514,97.4615,16.73523489,77.55,23.4,16.06,83.7,5.317808219178082,2.596400022506713
2018-08-22,24.345532827205,23.01090039662031,91.0828025477707,97.135,11.02531012,77.72,23.77,15.82,83.8,5.315068493150685,2.650650024414062
2018-08-23,23.88708471677402,23.03660485203514,86.70886075949366,98.0,23.41003425,78.49,23.26,16.17,83.8,5.312328767123287,2.641999959945679
2018-08-24,24.37607993621034,23.05149701731588,91.19496855345912,97.52,18.31611301,78.235,24.2,17.125,83.8,5.30958904109589,2.658400058746338
2018-08-27,21.86328125,22.98649035602816,40.0,98.68,22.57786828,81.06,21.0,17.655,83.85,5.30958904109589,2.543900012969971
2018-08-28,22.67691478173748,22.95435318657033,63.35403726708074,98.83,17.90551243,81.11,20.125,17.71,83.75,5.306849315068493,2.501800060272217
2018-08-29,23.01171875,22.92729497516144,74.07407407407408,98.2,14.04073249,80.93,20.58,18.02,83.8,5.304109589041095,2.542999982833862
2018-08-30,22.20093330495414,22.86174294543692,47.85276073619632,98.18,12.02151077,79.39,21.37,17.14,83.9,5.301369863013699,2.615200042724609
2018-08-31,22.67942121288924,22.81587390554392,63.41463414634146,97.952,12.39994981,78.77,23.28,17.16,84.0,5.298630136986302,2.608599901199341
2018-09-03,21.90840967462484,22.78711181026221,40.60606060606061,97.626,11.64530905,77.795,23.195,16.48,84.1,5.293150684931508,2.702950000762939
2018-09-04,21.48197189832976,22.76802129020654,31.92771084337349,97.72,13.8088746,78.71,21.87,17.3,83.9,5.293150684931507,2.686399936676025
2018-09-05,22.38649810988316,22.80521376824175,56.88622754491018,97.69,10.58970097,78.68,22.4,17.07,84.0,5.29041095890411,2.734999895095825
2018-09-06,22.39076363222249,22.82012239896915,57.73809523809523,97.538,10.04521212,77.9,24.65,17.21,84.0,5.287671232876712,2.730299949645996
2018-09-07,22.29139632303434,22.81837125371846,52.66272189349112,97.65,11.13659681,79.05,23.4,16.91,84.1,5.284931506849315,2.73580002784729
2018-09-10,22.96598870092203,22.82714086340748,71.76470588235294,97.0,11.66667909,77.85,25.47,16.01,83.9,5.276712328767124,2.894299983978271
2018-09-11,22.74064504952855,22.85102041636463,67.2514619883041,96.44,10.37093141,78.9,24.43,16.55,83.8,5.273972602739726,2.919899940490723
2018-09-12,22.34159747555736,22.86215004335484,54.06976744186046,96.43,10.46394816,79.23,23.29,16.21,83.9,5.271232876712329,2.936899900436401
2018-09-13,22.09596447726429,22.85417988102119,44.50867052023121,96.981,10.68817732,79.9,22.345,16.645,83.8,5.269863013698631,2.843050003051758
2018-09-14,22.00883843633055,22.84580323181915,41.95402298850575,97.1,17.78510168,79.12,22.89,16.67,83.8,5.268493150684932,2.899100065231323
2018-09-17,22.18671521958476,22.84382394747198,46.85714285714286,96.48,10.05081819,78.07,25.02,16.41,83.9,5.260273972602739,2.926500082015991
2018-09-18,21.86328125,22.80554269747198,37.5,96.441,10.22871792,78.61,23.22,16.63,84.0,5.257534246575343,2.876199960708618
2018-09-19,22.31728296311539,22.76714419531136,53.10734463276836,96.83,15.24671128,80.21,21.99,16.63,84.0,5.254794520547945,2.878499984741211
2018-09-20,22.24609375,22.72359349549775,51.68539325842697,96.78,8.58599736,79.58,21.62,16.65,83.9,5.252054794520548,2.714400053024292
2018-09-21,21.87350486697548,22.67532993028011,37.98882681564246,97.389,17.12193746,81.37,20.08,17.55,84.0,5.249315068493151,2.712599992752075
2018-09-25,21.96339377001703,22.65326844324123,40.55555555555556,97.378,10.07644513,81.06,20.61,17.39,84.0,5.238356164383561,2.684000015258789
2018-09-26,21.70879233626929,22.63535839611687,33.14917127071823,97.41,16.80189781,81.52,20.08,17.44,84.1,5.235616438356164,2.747400045394897
2018-09-27,21.95466674663504,22.60012332933804,40.65934065934066,96.97,11.18451524,79.45,21.74,16.75,84.2,5.232876712328768,2.844500064849854
2018-09-28,21.25632917836837,22.52434888031666,21.31147540983606,97.09,12.18188567,80.46,20.78,16.59,84.3,5.23013698630137,2.775300025939941
2018-10-08,21.09765625,22.43083764720212,20.10869565217391,96.11,8.25297943,78.18,24.14,15.49,84.4,5.202739726027398,2.99210000038147
2018-10-09,21.38619789476208,22.36365918449706,25.40540540540541,96.4015,11.4071707,78.19999999999999,24.61,15.26,84.55,5.201369863013699,2.934450030326843
2018-10-10,20.89211462480961,22.27996898026682,16.66666666666667,96.0295,8.09054824,78.62,23.575,14.94,84.7,5.198630136986301,2.942049980163574
2018-10-11,22.46035361695733,22.21712967325857,61.49732620320856,94.297,15.69326995,73.22999999999999,31.63,12.31,84.9,5.195890410958904,3.301949977874756
2018-10-12,22.83815275317,22.18216527447176,72.87234042553192,94.42,10.59732055,72.19,29.37,12.37,85.0,5.193150684931506,3.28030002117157
2018-10-15,23.36197963860646,22.1483619312183,80.42328042328042,94.125,6.41941496,70.88,32.555,12.21,85.0,5.184931506849315,3.440950036048889
2018-10-16,23.05618116172299,22.18812526160907,77.36842105263158,93.63,8.68346958,70.035,33.76,11.355,85.0,5.182191780821919,3.487100005149841
2018-10-17,23.12623420177293,22.20310257561025,78.53403141361257,93.62,8.54856305,70.24000000000001,31.58,11.13,85.1,5.179452054794521,3.494349956512451
2018-10-18,23.8492482095663,22.23102022426246,88.02083333333334,93.11,6.94366473,68.705,35.88500000000001,10.25,85.15,5.176712328767124,3.59184992313385
2018-10-19,21.48046875,22.20700473909733,29.53367875647668,93.44,12.03155321,69.97999999999999,32.925,10.46,85.35,5.173972602739726,3.458399891853333
2018-10-22,21.33236937496303,22.16210301116645,23.19587628865979,95.125,24.12429652,74.055,29.39,10.925,85.4,5.165753424657535,3.21654999256134
2018-10-23,21.77855354780218,22.15777447360569,35.38461538461539,94.555,9.70670863,72.67500000000001,31.43,11.195,85.2,5.163013698630136,3.313249945640564
2018-10-24,21.46215950305008,22.15711406042971,26.02040816326531,94.64,13.25779056,72.71000000000001,30.815,11.26,85.15,5.16027397260274,3.302000045776367
2018-10-25,20.71484375,22.1013922484336,14.72081218274112,94.325,10.72930588,72.535,32.195,11.17,85.3,5.157534246575343,3.364300012588501
2018-10-26,21.6396754269833,22.07635597492562,33.33333333333333,94.84,8.49787212,73.14500000000001,32.155,11.39,85.3,5.154794520547945,3.245750069618225
2018-10-29,21.88780957881695,22.06290308345172,40.20100502512563,94.434,7.74491018,70.815,33.85,10.87,85.5,5.146575342465754,3.370849967002869
2018-10-30,21.21798635331814,22.00463633853159,20.5,94.41,13.09918049,71.315,33.52,11.16,85.6,5.143835616438356,3.463100075721741
2018-10-31,21.59333072388511,21.9663925276768,32.83582089552239,94.6,10.38215386,72.69,31.415,10.855,85.7,5.141095890410959,3.395699977874756
2018-11-01,21.05908964702948,21.92364226672587,17.32673267326733,95.0145,11.91111794,72.97,30.425,10.96,85.8,5.138356164383561,3.265550017356873
2018-11-02,20.93260374200263,21.88486357555048,16.7487684729064,95.925,22.04692631,75.455,28.245,12.51,85.7,5.135616438356164,2.955199956893921
2018-11-05,20.95045715382572,21.84958419946699,17.15686274509804,96.35,14.40630125,75.605,28.58,13.26,85.8,5.127397260273972,2.861400008201599
2018-11-06,20.38213826363182,21.78943163426856,12.68292682926829,95.75049999999999,9.53226175,75.95,27.385,12.79,85.85,5.124657534246575,2.901650071144104
2018-11-07,20.62959139862721,21.7483086392228,13.10679611650485,96.426,7.71962706,75.31,28.11,12.795,85.9,5.121917808219179,2.858999967575073
2018-11-08,20.80605052891157,21.69793422474934,15.45893719806763,96.2735,7.87000716,74.965,29.035,12.815,85.95,5.11917808219178,2.954400062561035
2018-11-09,20.38540402591706,21.63591123394657,12.98076923076923,96.0,11.95296727,75.11,28.66,12.54,85.9,5.117808219178082,2.953099966049194
2018-11-12,19.66751061600992,21.56237809224772,8.133971291866029,96.5,10.63323015,77.07,26.96,12.87,86.0,5.109589041095891,2.859999895095825
2018-11-13,20.76061211514657,21.52228537041871,16.19047619047619,97.03,13.93869048,78.59,25.68,13.29,86.1,5.106849315068493,2.775799989700317
2018-11-14,20.86216911621974,21.49406459641705,17.53554502369668,97.4,23.52189848,77.6,25.98,13.54,86.2,5.104109589041096,2.763499975204468
2018-11-15,20.70461137675055,21.45239608408757,14.15094339622641,97.978,19.1249979,78.79,25.58,14.34,86.2,5.101369863013699,2.55839991569519
2018-11-16,21.29839310032902,21.45379821481959,26.29107981220657,98.8,20.70809166,81.46,24.16,14.85,86.4,5.098630136986301,2.455499887466431
2018-11-19,19.65883738556732,21.40583758600517,7.943925233644859,99.01,19.42650641,82.01,23.14,14.45,86.8,5.090410958904109,2.377000093460083
2018-11-20,19.30201342442541,21.33636477032728,6.046511627906977,98.323,11.55022594,79.08,25.36,13.54,86.9,5.087671232876712,2.54040002822876
2018-11-21,19.19881411581119,21.27992142002733,6.018518518518518,98.4,9.41362769,78.06,24.01,13.36,87.0,5.084931506849315,2.592000007629395
2018-11-22,19.27556918593789,21.17376193899335,6.451612903225806,98.248,8.28348003,78.82,23.38,13.17,87.1,5.082191780821918,2.568700075149536
2018-11-23,20.61479839150836,21.09965012693796,15.13761467889908,97.213,10.49495037,75.85,29.04,12.52,87.1,5.079452054794521,2.758599996566772
2018-11-26,20.59446104497998,21.00739950715041,15.06849315068493,97.245,11.25261064,75.45500000000001,30.05,12.99,86.95,5.071232876712329,2.758550047874451
2018-11-27,20.47912541243446,20.9214976488408,15.0,97.60900000000001,7.70748355,76.375,28.605,12.94,86.9,5.068493150684931,2.755399942398071
2018-11-28,20.51353445776473,20.83440765737386,15.38461538461539,98.075,9.51058007,78.62,26.75,13.6,86.80000000000001,5.065753424657534,2.625199913978577
2018-11-29,20.99606976169473,20.73930170911147,23.42342342342342,97.588,22.80458615,79.08,28.29,13.12,86.9,5.063013698630137,2.702199935913086
2018-11-30,20.78518175784361,20.71612547603959,19.73094170403587,97.4375,11.65804577,77.025,27.465,12.895,87.0,5.064383561643836,2.700600028038024
2018-12-03,20.89765148120281,20.70163487958092,22.76785714285714,98.812,25.87348373,80.51,22.96,14.46,86.9,5.06027397260274,2.523099899291992
2018-12-04,20.9199781766873,20.67301570054375,23.11111111111111,98.85,13.34568273,80.54,22.85,14.44,87.0,5.057534246575343,2.46970009803772
2018-12-05,20.90625,20.65448538377542,23.00884955752212,98.8,13.41168827,80.07,23.62,14.3,87.2,5.054794520547945,2.496000051498413
2018-12-06,21.09765625,20.66724580044208,28.19383259911895,98.5,13.45287867,77.95,27.14,13.74,87.2,5.052054794520548,2.624500036239624
2018-12-07,20.71484375,20.63641807787598,18.85964912280702,98.32,16.86105571,79.72,27.15,14.23,87.0,5.049315068493151,2.505899906158447
2018-12-10,20.71088873650731,20.59718738313232,17.03056768558952,98.345,18.36707482,79.46000000000001,27.875,13.03,87.19999999999999,5.043835616438356,2.656100034713745
2018-12-11,19.94921875,20.55489512968838,11.30434782608696,98.62,17.59822997,80.98,24.14,13.41,87.3,5.043835616438356,2.680099964141846
2018-12-12,19.32374907024102,20.47924240790025,6.926406926406926,98.385,26.3939092,82.015,22.955,13.21,87.30000000000001,5.041095890410959,2.65654993057251
2018-12-13,19.58456633379349,20.43009163079238,9.051724137931034,98.685,19.50202441,83.275,21.965,14.07,87.19999999999999,5.038356164383561,2.477450013160706
2018-12-14,20.03705808268778,20.40024010881522,12.87553648068669,98.4905,11.60897315,81.475,24.465,14.625,87.1,5.035616438356165,2.585599899291992
2018-12-17,19.94187282773644,20.36662063127891,10.68376068376068,98.57,9.93601464,79.985,24.14,14.01,87.1,5.027397260273973,2.545650005340576
2018-12-18,19.77376048481999,20.34634137198518,10.63829787234043,98.479,24.26385465,80.38,23.58,13.89,87.1,5.024657534246575,2.678499937057495
2018-12-19,20.22117248559984,20.3327274082176,14.40677966101695,98.08,15.89314896,80.24,25.33,13.65,87.0,5.021917808219178,2.744899988174438
2018-12-20,19.14514378773546,20.2773638501784,5.063291139240507,97.95,15.86732804,80.085,25.45,12.765,87.0,5.020547945205479,2.820249915122986
2018-12-21,19.75450105376643,20.25633375110671,10.92436974789916,97.375,15.52737762,79.195,26.285,12.215,87.1,5.017808219178082,2.983049988746643
2018-12-24,18.89630823501426,20.23062700507352,1.673640167364017,97.657,13.07550149,80.67,22.75,12.33,87.0,5.010958904109589,2.906899929046631
2018-12-25,18.513671875,20.15572899706864,0.8333333333333334,97.2575,18.94537727,79.33000000000001,23.62,12.21,87.15,5.006849315068493,2.974700093269348
2018-12-26,19.02407884839761,20.09445932147457,4.564315352697095,97.3,15.48460693,79.37,22.57,12.42,87.2,5.005479452054795,2.975500106811523
2018-12-27,18.88582218845859,20.03383301519817,2.066115702479339,97.005,13.08328917,79.06,23.885,12.065,87.15,5.032876712328767,2.977650046348572
2018-12-28,18.75510451550626,19.94905672903741,1.646090534979424,97.4,22.60508097,79.26,24.14,12.34,87.4,5.06027397260274,2.954099893569946
2019-01-02,18.49671856071506,19.91031943487566,0.819672131147541,96.7,13.91237365,79.22,22.24,11.38,87.7,5.046575342465753,3.06469988822937
2019-01-03,19.17632688472484,19.90612988355231,7.755102040816326,96.644,14.57766606,79.06,23.46,11.11,87.9,5.043835616438356,3.003400087356567
2019-01-04,18.130859375,19.87053139219194,0.4065040650406503,97.71,18.10267485,81.76,22.0,11.71,88.2,5.041095890410959,2.898299932479858
2019-01-07,18.22135938534576,19.83539106550554,0.8097165991902834,98.295,22.37808296,82.995,20.45,12.235,88.35,5.042465753424658,2.651550054550171
2019-01-08,18.12036680161555,19.75224334584244,0.4032258064516129,98.356,22.87945884,82.53999999999999,21.0,12.36,88.55,5.03972602739726,2.616450071334839
2019-01-09,18.9401053435279,19.69709815579404,5.622489959839357,99.5,34.34927248,82.11,22.21,13.15,88.6,5.046575342465753,2.520299911499023
2019-01-10,19.19728619805191,19.65437018198129,10.0,99.576,28.60542515,82.26,22.18,13.25,88.6,5.043835616438356,2.523099899291992
2019-01-11,19.54725016140652,19.62216070543602,11.95219123505976,99.755,29.54129954,83.025,21.42,13.96,88.55,5.046575342465753,2.35195004940033
2019-01-14,19.45843240488426,19.57090612687567,11.9047619047619,99.7355,20.47568398,83.28,21.85,13.645,88.5,5.038356164383561,2.360749959945679
2019-01-15,19.25105304288001,19.51976850304355,10.67193675889328,100.27,21.96126647,83.875,20.86,14.675,88.4,5.035616438356165,2.295700073242188
2019-01-16,19.50491425538938,19.47334392884976,12.59842519685039,100.125,20.82470874,83.965,20.415,14.465,88.5,5.032876712328767,2.306049942970276
2019-01-17,19.231518588394,19.41706194257332,10.58823529411765,99.8585,18.15888042,82.975,22.27,14.025,88.6,5.03013698630137,2.453299999237061
2019-01-18,19.32427386421016,19.36432940471366,12.5,100.211,34.03136477,84.09,21.32,14.46,88.7,5.032876712328767,2.350500106811523
2019-01-21,18.705078125,19.28457680054699,2.723735408560311,100.5,35.48557805,85.84,21.43,14.73,88.3,5.03013698630137,2.210000038146973
2019-01-22,19.53249342041153,19.24516512289405,13.95348837209302,100.12,20.98456864,84.01,22.84,14.62,88.2,5.027397260273973,2.257200002670288
2019-01-23,19.46299253267603,19.20356858276633,13.51351351351351,100.1,18.41170913,85.03,22.75,14.66,88.2,5.031506849315068,2.270949959754943
2019-01-24,20.10976353305593,19.20892007553487,21.53846153846154,100.205,22.72739316,84.205,22.885,15.245,88.2,5.028767123287672,2.146099925041199
2019-01-25,20.67895647333867,19.25409365563812,26.4367816091954,100.87,29.83604687,83.235,23.445,16.145,88.2,5.026027397260274,2.097150087356567
2019-01-28,20.8530918252889,19.29637783868797,30.91603053435115,100.575,23.37553527,82.805,23.815,15.905,88.2,5.017808219178082,2.192949891090393
2019-01-29,21.09765625,19.33173111093171,38.02281368821293,100.3705,22.56276434,82.02000000000001,24.97,15.14,88.2,5.015068493150685,2.315300107002258
2019-01-30,21.51988442512511,19.38433149751133,47.72727272727273,100.0825,16.67127217,80.43,26.63,15.07,88.1,5.012328767123288,2.355100035667419
2019-01-31,21.86328125,19.453982189684,53.9622641509434,99.9375,21.15034862,79.965,26.94,15.375,88.2,5.00958904109589,2.458999991416931
2019-02-01,20.94846237102519,19.47822518586485,33.83458646616541,100.585,19.30346788,81.93,23.595,16.315,88.3,5.006849315068493,2.178950071334839
2019-02-11,21.09765625,19.543308934607,38.20224719101123,101.745,21.78707477,85.33,21.635,16.795,88.4,4.979452054794521,1.954150021076202
2019-02-12,20.85824530426003,19.58010040962345,30.59701492537313,102.464,30.51254697,85.745,20.05,17.485,88.5,4.976712328767123,1.827650010585784
2019-02-13,21.62945797343448,19.67120540090412,49.81412639405204,103.275,39.73927411,87.2,19.795,18.285,88.65,4.973972602739726,1.590649962425231
2019-02-14,21.73519978831938,19.77858966468143,51.85185185185185,103.845,30.82189889,87.35,20.14,19.08,88.7,4.971232876712328,1.463699996471405
2019-02-15,21.48046875,19.86046932806818,46.86346863468634,103.82,29.49286078,87.36,19.78,18.98,88.7,4.968493150684932,1.54594999551773
2019-02-18,21.42137493617451,19.94498775299204,43.01470588235293,105.56,84.91701751,91.12,17.41,20.99,88.7,5.0,1.298699975013732
2019-02-19,20.93176386392624,20.01754306460604,32.96703296703297,105.2,55.85995235,90.44,17.925,20.69,88.65,5.03013698630137,1.420099973678589
2019-02-20,20.4915192700858,20.08403642158507,23.72262773722628,105.825,37.86309933,91.09,17.25,20.05,88.65,5.032876712328767,1.331550002098083
2019-02-21,20.40832689781523,20.12510308868808,23.27272727272727,106.03,51.14993578,91.73,17.43,20.3,88.6,5.035616438356165,1.2742999792099
2019-02-22,19.59248528482166,20.1738239523488,15.94202898550725,107.1,62.60795033,94.27,15.98,22.4,88.5,5.032876712328767,0.9749000072479248
2019-02-25,18.896484375,20.19632811867061,5.054151624548736,109.83,111.72942602,99.24,12.14,24.87,88.4,5.024657534246575,0.557200014591217
2019-02-26,17.43081257738903,20.17334297786306,0.3597122302158274,109.051,100.47020453,99.33,12.37,25.01,88.2,5.021917808219178,0.3860999941825867
2019-02-27,20.01703262412215,20.20924055388287,20.78853046594982,109.22,103.83024738,99.15,11.69,25.32,88.2,5.019178082191781,0.4609000086784363
2019-02-28,17.939453125,20.16731278478114,0.7142857142857143,109.5,82.8073708,98.06,11.75,25.09,88.1,5.016438356164383,0.5527999997138977
2019-03-01,19.15992803664541,20.1544020472891,9.608540925266903,110.0,88.92810803,98.96,11.18,25.68,88.1,5.013698630136986,0.4065999984741211
2019-03-04,18.80078125,20.1324803421263,4.609929078014184,110.98,125.28042199,101.06,10.44,28.06,88.0,5.005479452054795,0.2220000028610229
2019-03-05,16.599609375,20.0440988865303,0.353356890459364,111.88,95.36861884,102.77,9.95,30.25,87.9,5.002739726027397,-0.1704999953508377
2019-03-06,17.365234375,19.97277622385065,0.7042253521126761,113.0,110.42070105,104.64,8.95,32.03,87.8,5.0,-0.2892999947071075
2019-03-07,16.982421875,19.89780633340418,0.7017543859649122,113.16,124.83689888,105.575,8.15,31.165,87.9,4.998630136986302,-0.2325499951839447
2019-03-08,17.173828125,19.82612480876384,1.048951048951049,112.005,115.49654532,100.57,11.62,27.655,88.1,4.995890410958904,0.06710000149905682
2019-03-11,18.130859375,19.80698418376384,3.13588850174216,114.05,110.53949512,103.775,10.605,30.2,88.15,4.987671232876712,-0.2849000096321106
2019-03-12,17.53741303586516,19.74048150427896,2.083333333333333,115.26,127.95797501,105.325,8.635000000000002,31.245,88.05,4.984931506849316,-0.5072000026702881
2019-03-13,16.85642701844299,19.65359598713786,0.6920415224913495,113.45,94.85803253,103.34,10.065,29.895,88.15,4.982191780821918,-0.1645499989390373
2019-03-14,17.32311956147852,19.56070785475195,1.724137931034483,111.561,75.47052549,101.8,10.41,28.25,88.0,4.980821917808219,0.124600000679493
2019-03-15,16.599609375,19.42472961814066,0.6872852233676976,112.11,70.13372351,101.45,10.0,29.51,87.9,4.978082191780822,-0.1006999984383583
2019-03-18,16.216796875,19.27018645313103,0.3424657534246575,114.59,76.647783,104.15,8.93,31.36,88.0,4.96986301369863,-0.5697000026702881
2019-03-19,17.939453125,19.16491301563103,4.095563139931739,116.03,151.15236166,105.565,9.07,32.915,88.05,4.96986301369863,-0.6827000081539154
2019-03-20,17.26953125,19.02323457646019,2.380952380952381,115.54,77.17211957,104.92,9.525,33.135,87.95,4.96986301369863,-0.590399980545044
2019-03-21,18.130859375,18.89882051396019,5.762711864406779,116.541,101.18793096,106.565,9.91,35.14,88.0,4.967123287671233,-0.7152000069618225
2019-03-22,17.365234375,18.77937958075935,3.378378378378379,115.96,96.16951005,106.32,9.1,35.39,87.9,4.973972602739726,-0.81700000166893
2019-03-25,17.44829500763097,18.65773420601372,4.040404040404041,115.0,76.83942184,105.745,9.015,33.69,88.05,4.967123287671233,-0.567300021648407
2019-03-26,17.173828125,18.53492030003838,2.348993288590604,112.995,68.11964233,102.905,9.365,28.925,88.05,4.967123287671233,-0.00620000064373016
2019-03-27,16.98395230400407,18.38007011105737,2.006688963210702,112.61,66.41255953,103.355,9.98,29.51,88.2,4.964383561643835,-0.03590000048279762
2019-03-28,16.14508252640428,18.19373286899354,0.3333333333333334,112.31,77.97239519,102.04,9.85,28.94,88.2,4.964383561643835,0.01730000041425228
2019-03-29,16.599609375,18.03103755649353,1.661129568106312,114.01,93.700494,104.7,8.17,31.26,88.2,4.980821917808219,-0.176599994301796
2019-04-01,16.982421875,17.88307245445439,2.649006622516556,117.08,111.0879197,107.27,6.49,33.94,88.2,4.972602739726027,-0.7455999851226807
2019-04-02,17.4609375,17.76737824232351,5.940594059405941,117.785,110.34836359,108.12,6.95,35.66,88.0,5.03972602739726,-1.034299969673157
2019-04-03,16.93368543664142,17.6487837812087,2.302631578947368,118.14,193.19495562,108.96,7.13,36.45,87.95,5.050684931506849,-1.055649995803833
2019-04-04,17.939453125,17.56648798878152,7.540983606557377,119.4055,130.0350299,110.56,7.21,37.645,87.75,5.113698630136986,-1.287950038909912
2019-04-08,17.365234375,17.49224629178747,5.555555555555555,119.419,108.80624139,109.41,7.56,36.84,87.7,5.156164383561644,-1.120499968528748
2019-04-09,17.365234375,17.4412046251208,5.863192182410423,118.804,69.14625514,109.41,6.5,35.76,87.7,5.153424657534247,-1.048099994659424
2019-04-10,17.365234375,17.43901868504117,6.168831168831169,118.01,86.55855633,109.0,7.27,35.25,87.5,5.161643835616438,-0.8285999894142151
2019-04-11,16.982421875,17.33786499340376,3.236245954692555,115.98,68.32294825,106.85,7.54,32.82,87.6,5.158904109589042,-0.5541999936103821
2019-04-12,16.88575412460923,17.30274169339073,2.258064516129032,116.1,62.34986905,107.43,6.99,33.07,87.6,5.156164383561644,-0.476500004529953
2019-04-15,16.408203125,17.21101752966922,0.964630225080386,114.3955,79.70714196,104.95,7.635,32.49,87.4,5.156164383561643,-0.3100500106811523
2019-04-16,15.546875,17.10255398800255,0.3205128205128205,114.74,110.43950751,106.575,5.734999999999999,32.825,87.3,5.168493150684931,-0.3411999940872192
2019-04-17,15.05245725530135,17.05098225067927,0.3194888178913738,114.6,105.1415168,108.82,5.43,33.81,87.2,5.158904109589042,-0.2779999971389771
2019-04-18,15.259765625,16.9807999590126,0.6369426751592357,114.5805,94.60889623,108.46,5.26,33.655,87.3,5.163013698630137,-0.4642499983310699
2019-04-19,15.48874675647104,16.93101078839497,0.9523809523809524,114.998,89.34778243,109.17,4.62,34.39,87.3,5.167123287671233,-0.3986000120639801
2019-04-22,14.494140625,16.8416878717283,0.3164556962025316,113.91,95.02034943,107.145,4.33,31.84,87.4,5.152054794520549,-0.09794999659061432
2019-04-23,14.685546875,16.7268441217283,0.6309148264984227,112.8,94.02670773,105.145,5.484999999999999,30.895,87.4,5.14931506849315,0.118999995291233
2019-04-24,15.27775757771987,16.65152227312346,1.572327044025157,111.999,123.66195935,104.995,3.97,29.61,87.35,5.175342465753425,0.26460000872612
2019-04-25,16.27650290912034,16.63219146947937,3.134796238244514,109.6,80.90334997,100.62,6.49,27.28,87.3,5.172602739726027,0.6729000210762024
2019-04-26,17.365234375,16.63359529659675,9.6875,108.92,99.36299434,99.03,8.0,25.3,87.3,5.171232876712328,0.8971000015735626
2019-04-29,17.75611795167017,16.67214558248576,11.21495327102804,107.245,79.29347314,96.91,11.37,23.795,87.35,5.163013698630136,1.040500044822693
2019-04-30,18.61991311823469,16.75224945726025,14.90683229813665,107.99,93.56161882,97.25,10.56,24.87,87.3,5.171232876712329,0.9684999883174896
2019-05-06,19.56640625,16.80648122809358,27.24458204334365,104.79,95.60968426,89.55,14.18,20.95,87.6,5.154794520547945,1.633399963378906
2019-05-07,18.65012670164581,16.85250107648178,15.12345679012346,105.387,98.56878481,90.395,13.575,21.12,87.69999999999999,5.171232876712329,1.58144998550415
2019-05-08,19.11828270173,16.88541518737278,20.61538461538462,105.59,97.04427287,90.33000000000001,14.635,21.185,87.65,5.18082191780822,1.424900054931641
2019-05-09,19.24284660238971,16.9480022616191,23.31288343558282,105.505,82.4775696,89.205,16.305,21.1,87.9,5.183561643835617,1.39060002565384
2019-05-10,18.32379291643854,16.97718552524602,13.76146788990826,107.37,106.31917476,92.24,14.61,23.21,88.0,5.186301369863013,1.107100009918213
2019-05-13,18.77061617995696,17.03041179374458,16.46341463414634,107.098,68.84938092,91.715,14.87,21.99,88.1,5.178082191780822,1.210000038146973
2019-05-14,18.58863549152449,17.0839012333286,14.8936170212766,107.14,73.74120115,91.03,15.88,22.37,88.2,5.176712328767124,1.176349997520447
2019-05-15,18.322265625,17.15647400328179,13.63636363636364,108.11,80.13739592,91.67,15.2,23.75,88.3,5.173972602739726,0.9638000130653381
2019-05-16,18.41796875,17.21708598244845,14.50151057401813,109.179,63.60677221,92.305,15.02,23.825,88.35,5.172602739726027,0.9047999978065491
2019-05-17,19.31741194728139,17.29491898485783,25.60240963855422,106.7565,69.07282281,89.025,17.02,22.065,88.3,5.172602739726027,1.21875
2019-05-20,19.29007358987228,17.35589018785357,25.22522522522522,106.0555,62.888283,88.895,17.715,21.13,88.4,5.164383561643835,1.355199992656708
2019-05-21,18.513671875,17.40855640246553,15.26946107784431,106.79,70.51830014,90.89,15.715,21.585,88.4,5.164383561643835,1.218700051307678
2019-05-22,19.18359375,17.4500277566322,23.58208955223881,106.8,55.25832909,90.57,16.355,21.315,88.4,5.161643835616438,1.221500039100647
2019-05-23,19.56640625,17.52340015246553,30.05952380952381,105.92,40.87536701,88.03,17.645,20.48,88.4,5.167123287671234,1.492699980735778
2019-05-24,19.75114102291398,17.60293037406266,31.75074183976261,105.77,42.12528556,88.01,18.03,20.16,88.45,5.164383561643835,1.509549975395203
2019-05-27,18.86808344212107,17.6530253429667,18.04733727810651,105.925,56.96262552,89.86,15.425,20.195,88.4,5.156164383561643,1.48294997215271
2019-05-28,18.55783834281996,17.70553922522736,15.33923303834808,106.235,52.24269782,89.93,15.175,20.095,88.30000000000001,5.153424657534247,1.455600023269654
2019-05-29,18.43038225195714,17.7570268294723,14.41176470588235,105.955,39.97382637,90.12,15.54,20.01,88.4,5.15068493150685,1.5314000248909
2019-05-30,17.95104392576652,17.80845485616451,11.73020527859238,104.9505,45.65013554,89.15,15.24,19.66,88.5,5.147945205479452,1.634350001811981
2019-05-31,18.1476364499247,17.89514690449533,13.1578947368421,104.4745,45.41694253,89.025,15.135,19.69,88.45,5.145205479452055,1.720250010490417
2019-06-03,17.65922557763984,17.98203918190661,10.49562682215743,103.22,55.47280895,88.59,14.87,18.49,88.6,5.128767123287671,1.985599994659424
2019-06-04,18.56724278330692,18.09228842051685,16.56976744186046,102.83,53.12977309,87.79,15.72,17.33,88.6,5.126027397260274,2.158799886703491
2019-06-05,17.93809489444693,18.17393335844938,11.01449275362319,102.68,56.34216385,87.88,15.44,17.33,88.6,5.123287671232877,2.141400098800659
2019-06-06,18.08416501444217,18.29360083809745,12.42774566473988,101.75,49.66807526,85.73,17.78,15.92,88.8,5.120547945205479,2.206199884414673
2019-06-10,16.791015625,18.36378312976412,4.322766570605189,102.33,44.95395317,87.26,16.88,16.46,88.8,5.109589041095891,2.146300077438354
2019-06-11,16.96971999102981,18.42018187687444,5.459770114942529,103.62,71.09105567,89.4,14.74,18.14,88.8,5.106849315068493,1.759999990463257
2019-06-12,17.24485786519027,18.45246037541011,7.449856733524356,103.96,58.95727665,88.86,14.66,17.83,88.8,5.104109589041096,1.754500031471252
2019-06-13,17.33331751500631,18.45139648007699,8.285714285714285,104.08,60.64628066,90.34,14.19,18.27,88.7,5.101369863013699,1.899799942970276
2019-06-14,17.556640625,18.44474723585465,11.3960113960114,103.01,49.94138502,88.54,15.32,17.43,88.7,5.098630136986301,1.986600041389465
2019-06-17,17.07938819264858,18.39339640500178,6.818181818181817,102.8,44.37858565,88.34,15.42,16.93,88.8,5.090410958904109,2.056400060653687
2019-06-18,16.42413225656493,18.28865393855394,3.39943342776204,102.44,50.81152754,88.33,15.18,16.34,88.8,5.087671232876712,2.085500001907349
2019-06-19,16.5912057078671,18.22002323876132,3.672316384180791,102.81,58.76074361,89.54,14.53,17.2,88.9,5.084931506849315,1.92519998550415
2019-06-20,16.38701047200849,18.12898083110394,3.098591549295775,104.23,81.70283374,90.83,13.32,18.43,88.9,5.082191780821918,1.620200037956238
2019-06-21,16.27482300198745,18.03004671109053,2.808988764044944,105.5,62.14548052,92.75,13.39,19.97,89.0,5.079452054794521,1.382099986076355
2019-06-24,16.50390625,17.96938382220925,4.201680672268908,105.28,46.29326405,92.885,12.765,19.64,89.05,5.079452054794521,1.464100003242492
2019-06-25,16.42334609200595,17.89114148594421,3.910614525139665,105.395,51.2329635,92.57,13.095,19.195,89.05,5.076712328767123,1.590300023555756
2019-06-26,16.599609375,17.82484061539339,5.849582172701949,105.54,40.45095112,92.035,14.065,19.535,89.15,5.073972602739726,1.519700050354004
2019-06-27,16.52653792282305,17.76498302532083,4.722222222222222,105.8605,74.96565855,93.52000000000001,13.55,19.6,89.1,5.071232876712329,1.458899974822998
2019-06-28,17.59417829753602,17.73752334357203,13.85041551246537,105.365,46.61521464,92.485,13.67,19.835,89.1,5.068493150684931,1.556400001049041
2019-07-01,17.556640625,17.67883096616265,13.8121546961326,106.7935,97.19136528,95.28999999999999,13.3,20.94,89.15,5.06027397260274,1.265799999237061
2019-07-02,16.791015625,17.59552903400024,6.611570247933884,107.15,86.95592258,94.35,12.9,20.895,89.3,5.057534246575342,1.192550003528595
2019-07-03,15.833984375,17.50620611733357,2.197802197802198,106.936,74.08920511,93.525,13.49,20.12,89.5,5.054794520547945,1.179750025272369
2019-07-04,16.791015625,17.4264535131669,7.123287671232877,107.12,84.78207745,94.14,13.43,20.43,89.6,5.06027397260274,1.151600003242493
2019-07-05,16.50390625,17.32437017983357,4.918032786885246,107.107,70.56493686,94.2,12.7,20.45,89.6,5.057534246575343,1.257699966430664
2019-07-08,18.14196863556293,17.2707311002552,18.52861035422343,105.87,60.71286206,90.765,15.22,19.015,89.5,5.054794520547945,1.485050022602082
2019-07-09,18.1607587044665,17.24715360900005,19.02173913043478,105.88,46.94945158,91.25,14.635,18.94,89.5,5.052054794520548,1.555750012397766
2019-07-10,17.365234375,17.20740014340605,13.27913279132791,105.66,46.26339666,91.14,15.17,18.87,89.5,5.054794520547945,1.575600028038025
2019-07-11,17.91050903622839,17.1900710362151,15.94594594594595,105.49,42.80983898,91.89500000000001,14.77,19.29,89.5,5.056164383561644,1.531650006771087
2019-07-12,17.79399777290381,17.18483616445301,15.90296495956873,105.672,36.58619605,91.73,14.28,19.42,89.5,5.053424657534247,1.512050032615662
2019-07-15,17.556640625,17.16513630362218,15.05376344086022,105.72,43.65363365,92.85,13.31,19.62,89.6,5.049315068493151,1.477300047874451
2019-07-16,17.25896924258505,17.15179442578702,10.72386058981233,106.2,38.41021353,93.21,12.97,19.73,89.6,5.046575342465753,1.473099946975708
2019-07-17,17.173828125,17.10534727051013,10.42780748663102,106.27,37.48020289,94.02,13.52,20.2,89.6,5.043835616438356,1.418699979782104
2019-07-18,17.84418236760225,17.10221685294864,16.8,106.0,32.78028695,92.37,14.97,19.54,89.7,5.041095890410959,1.547700047492981
2019-07-19,17.3609668060249,17.07811024600139,11.96808510638298,105.85,38.60621263,92.77,14.98,20.05,89.8,5.038356164383561,1.557100057601929
2019-07-22,18.05986250650496,17.12040514205156,18.83289124668435,105.19,35.51398822,90.18,16.925,19.22,89.75,5.03013698630137,1.655499994754791
2019-07-23,17.45498966210001,17.1365807977539,14.55026455026455,105.02,39.670806,90.78,14.76,19.23,89.8,5.027397260273973,1.624799966812134
2019-07-24,18.0307767488387,17.16277809387551,18.99736147757256,105.3,48.37214977,91.26,14.13,19.52,89.9,5.024657534246575,1.481899976730347
2019-07-25,17.748046875,17.1766024058753,16.57894736842105,105.92,50.43593733,92.12,13.89,19.95,90.0,5.021917808219178,1.398699998855591
2019-07-26,18.15674737211656,17.19660596411252,21.52230971128609,106.735,55.45662053,92.37,14.51,20.25,89.9,5.024657534246575,1.27839994430542
2019-07-29,17.748046875,17.21889458685757,16.75392670157068,107.04,54.37462632,92.14500000000001,14.615,20.625,90.0,5.016438356164384,1.271950006484985
2019-07-30,17.98812795519022,17.27102777681175,19.32114882506527,107.235,63.31280802,92.72999999999999,14.665,21.415,90.0,5.013698630136986,1.178849995136261
2019-07-31,18.322265625,17.32872977404951,22.91666666666667,107.445,45.0855275,92.13,15.635,21.21,90.15,5.010958904109589,1.134100019931793
2019-08-01,18.705078125,17.40599869581589,26.49350649350649,107.01,52.71760167,91.68,16.18,21.16,90.2,5.013698630136986,1.213099956512451
2019-08-02,18.73287361721523,17.48793371632349,26.94300518134715,106.39,58.93892245,90.32,17.49,20.35,90.4,5.010958904109589,1.31850004196167
2019-08-05,18.62101456219487,17.55850399339664,25.83979328165374,105.9635,55.36373463,89.75999999999999,18.03,19.47,90.6,5.012328767123288,1.460500001907349
2019-08-06,19.94921875,17.67603308199645,42.52577319587629,105.422,52.12081934,86.895,20.48,18.77,90.6,5.00958904109589,1.622500002384186
2019-08-07,20.71484375,17.81320756116311,49.3573264781491,105.7295,42.92184009,86.28,21.44,19.065,90.75,5.006849315068493,1.658349990844727
2019-08-08,20.33203125,17.94005733873568,44.87179487179487,105.705,54.86675564,86.45,20.645,19.295,90.7,5.004109589041096,1.605849981307983
2019-08-09,20.33203125,18.03131910381781,45.01278772378516,105.6825,45.40329452,84.955,22.11,19.015,90.75,5.001369863013698,1.614349961280823
2019-08-12,20.47263492685412,18.12851891387961,45.91836734693878,106.15,53.35407477,87.0,20.55,19.48,90.8,4.993150684931507,1.528200030326843
2019-08-13,20.75638016789131,18.26069773197599,49.87277353689568,105.98,45.6161128,86.99,21.37,19.35,90.8,5.0,1.629299998283386
2019-08-14,20.33203125,18.41063262780933,44.92385786802031,106.0,48.1319033,87.46,21.45,19.99,90.9,4.997260273972603,1.570299983024597
2019-08-15,20.62847668768505,18.53854799656549,47.34177215189874,106.024,45.03535838,88.04,21.24,19.86,91.1,4.994520547945205,1.487900018692017
2019-08-16,20.11274075834873,18.65884248017712,42.92929292929293,106.03,48.6476034,88.06,20.78,20.17,91.0,4.991780821917808,1.410899996757507
2019-08-19,19.56640625,18.70632373399169,38.28715365239295,107.55,70.7036684,90.52,18.6,21.35,91.1,4.983561643835617,1.084499955177307
2019-08-20,19.56640625,18.75317865217614,38.44221105527638,107.75,66.78195941,90.31,18.62,21.47,91.1,4.980821917808219,1.118000030517578
2019-08-21,19.18359375,18.8137906313428,32.58145363408521,107.52,67.22030481,90.32,19.27,21.69,91.1,4.978082191780822,1.056800007820129
2019-08-22,19.4470926364924,18.86501008468494,35.5,107.4,52.5874866,90.075,19.375,21.785,91.0,4.975342465753425,1.077000021934509
2019-08-23,19.56640625,18.92409036725481,38.90274314214464,107.7925,68.87741913,89.9,20.58,22.21,91.0,4.973972602739726,1.002850025892258
2019-08-26,20.21864343312904,19.01282379419245,44.02985074626866,107.68,63.94927128,89.17,20.93,21.51,91.0,4.967123287671233,1.126500010490417
2019-08-27,19.56640625,19.08973836110628,38.95781637717122,108.15,73.86899886,90.43,19.22,21.95,91.0,4.964383561643835,1.019999980926514
2019-08-28,19.33852069551309,19.16189478012338,35.14851485148515,108.57,59.63336013,90.64,19.69,22.46,90.9,4.961643835616439,0.9693999886512756
2019-08-29,19.18359375,19.20654182620331,32.34567901234568,107.991,49.5000469,90.48,19.26,21.86,91.0,4.958904109589041,1.008599996566772
2019-08-30,19.59929381385335,19.28115272646425,39.90147783251232,107.93,47.22222819,89.41,20.75,21.4,91.0,4.956164383561644,1.005599975585938
2019-09-02,19.18359375,19.31861043458075,32.43243243243243,108.1,55.11190441,91.01,18.72,22.11,90.9,4.947945205479452,0.9894000291824341
2019-09-03,18.896484375,19.36666025834409,28.18627450980392,108.3,53.35517523,91.37,17.47,22.39,91.0,4.945205479452055,0.902400016784668
2019-09-04,18.50708049373083,19.38253704984049,22.98288508557457,108.5195,60.39449815,92.39,16.93,22.91,91.0,4.96027397260274,0.7985000014305115
2019-09-05,18.705078125,19.41443809150716,25.60975609756098,109.5,93.34256788,93.42,16.78,23.57,91.1,4.975342465753425,0.487199991941452
2019-09-06,18.896484375,19.43909599160327,28.71046228710462,109.76,60.40401212,94.01,16.58,24.09,91.1,4.972602739726027,0.4842000007629395
2019-09-09,18.705078125,19.47099703326994,25.72815533980582,110.91,79.00151671,95.16,15.82,25.14,91.1,4.964383561643835,0.1922000050544739
2019-09-10,18.69751433621443,19.49464324597075,24.93946731234867,111.213,62.37224292,96.11500000000001,15.49,25.365,91.2,4.983561643835617,0.237199991941452
2019-09-11,18.705078125,19.50740366263741,26.08695652173913,110.92,57.79982102,95.65,15.49,24.87,91.2,4.958904109589041,0.3319000005722046
2019-09-12,18.77227034398755,19.50964340327033,27.2289156626506,110.575,56.0952306,96.33500000000001,14.555,25.115,91.2,4.978082191780822,0.5181999951601028
2019-09-16,18.322265625,19.49595647019649,21.39423076923077,110.135,52.02975893,96.39,14.475,24.67,91.15,5.036986301369863,0.5923500061035156
2019-09-17,17.8035282639631,19.4687069269221,16.06714628297362,109.025,53.92891621,94.78,16.255,23.405,91.15,5.034246575342467,0.7427499890327454
2019-09-18,17.748046875,19.39533453108877,15.55023923444976,109.13,49.61543581,94.78,16.01,23.65,91.15,5.031506849315068,0.6915000081062317
2019-09-19,17.85411366110394,19.2999768614589,16.70644391408115,109.4905,41.78780748,95.83,14.78,24.34,91.0,5.028767123287672,0.6417999863624573
2019-09-20,18.513671875,19.23936488229223,24.04761904761905,109.6325,37.97324259,96.02,14.92,23.97,90.9,5.026027397260274,0.6615000069141388
2019-09-23,18.03515625,19.16280238229223,18.76484560570071,109.32,36.52006107,95.3,15.29,23.58,91.0,4.96986301369863,0.6488999724388123
2019-09-24,17.82054127496048,19.07439926056244,16.35071090047393,109.42,46.39212995,96.75,14.88,23.58,90.9,4.967123287671233,0.6144999861717224
2019-09-25,18.130859375,18.9868819007994,20.56737588652482,108.79,40.80338007,94.34,15.83,22.95,90.9,4.964383561643835,0.7257000207901001
2019-09-26,17.939453125,18.90712929663273,18.16037735849056,108.545,39.3401459,93.61500000000001,17.375,22.41,90.9,5.009589041095891,0.8722000122070312
2019-09-27,18.26164485017878,18.82823490204919,22.11764705882353,108.86,37.30670889,94.21000000000001,16.34,22.685,90.9,5.006849315068493,0.8705500066280365
2019-09-30,18.705078125,18.7813128142709,27.93427230046948,108.689,17.88610692,93.225,17.745,22.315,90.95,4.998630136986302,0.859250009059906
2019-10-08,18.75706628895161,18.75433481556929,28.8056206088993,108.98,22.9832282,93.61,17.08,22.44,91.05,4.976712328767123,0.818149983882904
2019-10-09,17.939453125,18.70010304473595,18.22429906542056,108.974,33.28932251,94.38,15.88,23.02,91.1,4.973972602739726,0.7755500078201294
2019-10-10,18.705078125,18.68415252390262,28.2051282051282,109.93,38.64029192,94.67500000000001,15.8,23.41,91.2,4.971232876712328,0.7027000188827515
2019-10-11,18.76700404117369,18.66148290405867,29.30232558139535,110.135,41.31042328,94.63,16.43,23.905,91.2,4.968493150684932,0.6889500021934509
2019-10-14,18.15409424957952,18.61440583737798,21.34570765661253,110.8805,66.61742145,96.52000000000001,15.295,24.49,91.2,4.96027397260274,0.4855000078678132
2019-10-15,18.94416775728839,18.57192331484996,32.63888888888889,110.603,47.1880392,95.205,17.075,23.82,91.2,5.005479452054795,0.4747999906539917
2019-10-16,18.91913821511889,18.55034771368726,32.33256351039261,110.368,26.2247622,94.01,17.43,23.46,91.2,5.002739726027397,0.5139999985694885
2019-10-17,18.45330246832722,18.52084043944773,23.96313364055299,110.497,23.20504757,93.9,17.75,23.64,91.2,5.0,0.5324000120162964
2019-10-18,18.80078125,18.50808002278106,30.57471264367816,109.86,29.70530775,92.86,19.3,23.19,91.2,4.997260273972603,0.7360000014305115
2019-10-21,18.705078125,18.47827283315262,28.44036697247707,108.908,36.20481309,91.63,18.945,22.69,91.2,5.015068493150684,0.8102000057697296
2019-10-22,18.59874264089102,18.45877779618231,25.85812356979405,109.32,25.25522941,93.195,17.275,22.96,91.25,5.012328767123288,0.763949990272522
2019-10-23,18.513671875,18.44601737951565,25.11415525114155,109.275,25.38204057,92.5,18.265,22.57,91.2,4.983561643835617,0.8156999945640564
2019-10-24,18.513671875,18.44623709222462,25.28473804100228,109.005,26.24699537,92.64,17.19,22.07,91.2,5.006849315068493,0.8485499918460846
2019-10-25,18.322265625,18.43347667555796,22.72727272727273,109.563,26.78784819,93.15,16.56,22.63,91.2,5.004109589041096,0.784850001335144
2019-10-28,18.896484375,18.43347667555796,33.10657596371882,109.98,46.18812991,94.62,16.53,23.43,91.1,4.995890410958904,0.6801500022411346
2019-10-29,19.28284341847556,18.45273551867381,39.14027149321267,109.632,43.74452726,93.25,18.07,22.87,91.0,4.993150684931507,0.7474000155925751
2019-10-30,19.20101061890898,18.46951872809696,38.1489841986456,108.8255,35.09128258,92.095,18.0,21.93,91.0,4.990410958904109,0.8089500069618225
2019-10-31,18.90976140887052,18.47634150422597,33.10810810810811,108.1415,40.05627481,91.25999999999999,18.275,21.92,90.75,5.016438356164383,1.035250008106231
2019-11-01,18.513671875,18.46772155525973,25.39325842696629,108.29,35.88069769,91.815,17.595,21.845,90.85,5.016438356164383,1.05460000038147
2019-11-04,18.72766574961367,18.48123489274685,29.37219730941704,108.399,43.80787593,92.23,18.13,22.34,90.95,5.008219178082192,0.9320999979972839
2019-11-05,18.92204406518415,18.51851875278755,34.00447427293065,108.65,48.00595004,92.44,17.76,22.425,91.05,5.005479452054795,0.9757999777793884
2019-11-06,18.98518926986807,18.55975683261648,35.26785714285715,108.6,39.21080083,91.61,17.62,22.525,91.15,5.002739726027397,0.9764000177383423
2019-11-07,19.18359375,18.60407283557969,38.30734966592428,108.898,61.24111745,91.805,17.22,22.825,91.05,5.001369863013698,0.875249981880188
2019-11-08,18.896484375,18.61683325224635,33.11111111111111,108.7655,47.89079602,91.78,17.835,23.015,91.05,5.005479452054795,0.9681500196456909
2019-11-11,20.26155771236591,18.69104663432521,50.77605321507761,108.295,29.86163499,89.395,20.39,22.225,91.05,4.997260273972603,1.014950037002563
2019-11-12,19.94267671231336,18.76178448223698,47.34513274336283,108.1235,26.64045654,89.345,19.535,22.055,91.05,4.994520547945205,1.002249985933304
2019-11-13,20.20013312357554,18.83076027385616,49.88962472406181,108.13,22.44770658,89.47,20.09,21.95,91.15,4.991780821917809,1.038249999284744
2019-11-14,19.94921875,18.89775246135616,48.45814977973568,108.25,27.32281559,89.64500000000001,20.875,22.135,91.15,4.989041095890411,1.107450008392334
2019-11-15,20.5234375,18.97314554968353,53.62637362637363,107.6,183.48523054,89.36,21.58,21.51,91.3,4.991780821917808,1.176599979400635
2019-11-18,19.94921875,19.0146169038502,48.46491228070176,108.05,55.40822565,90.25,19.98,21.45,91.4,4.983561643835617,1.167799949645996
2019-11-19,20.01190306230622,19.05644479629536,48.79649890590809,108.605,50.63314812,91.275,18.82,22.02,91.6,4.986301369863014,0.9413500130176544
2019-11-20,20.71484375,19.14895781712869,56.76855895196506,108.725,40.18164289,90.55000000000001,19.62,21.685,91.7,4.983561643835616,1.032199978828431
2019-11-21,20.50098490937196,19.20882137660776,53.37690631808278,107.88,39.58015482,90.07,19.11,21.21,91.7,4.994520547945205,1.130399942398071
2019-11-22,20.08776540107015,19.25284675527097,49.1304347826087,107.895,51.57077513,89.545,19.975,20.89,91.65,4.993150684931507,1.23294997215271
2019-11-25,20.00946276259761,19.31469237237157,48.37310195227766,108.23,35.28414468,89.12,20.22,20.7,91.6,4.986301369863014,1.160400032997131
2019-11-26,20.33203125,19.36095448879529,52.16450216450217,108.0,35.03266901,89.33,19.55,20.87,91.6,4.983561643835617,1.183200001716614
2019-11-27,20.33203125,19.40805092329133,52.26781857451404,108.15,29.07559491,89.73,20.41,20.8,91.6,4.980821917808219,1.181900024414062
2019-11-28,19.94921875,19.45791479934709,47.8448275862069,107.96,39.32414589,89.66,19.81,20.59,91.6,4.978082191780822,1.257799983024597
2019-11-29,20.34551528745624,19.50940593392896,52.4731182795699,107.7,28.19464196,90.05,19.62,20.7,91.7,4.975342465753425,1.308899998664856
2019-12-02,20.04441630288357,19.55405053985842,48.92703862660944,107.775,38.36084417,90.85499999999999,19.2,20.91,91.5,4.968493150684932,1.285950005054473
2019-12-03,19.77702025514742,19.59332646033363,45.61027837259101,107.85,31.05618107,90.78,18.93,21.315,91.55000000000001,4.965753424657533,1.233700037002563
2019-12-04,19.1517365675032,19.61459528341707,35.47008547008547,108.024,32.8381013,91.66,18.855,21.505,91.6,4.963013698630137,1.177049994468689
2019-12-05,19.49774641812314,19.64739776818784,40.93816631130064,108.325,41.15597973,92.375,18.2,22.02,91.6,4.96027397260274,1.100750029087067
2019-12-06,19.18359375,19.67610870568784,37.23404255319149,108.84,36.5697739,92.945,17.8,22.125,91.65,4.957534246575342,0.9876000285148623
2019-12-09,19.08743994417871,19.68247389132713,34.6072186836518,109.185,62.31151495,92.64,17.675,22.27,91.6,4.952054794520548,0.6930499970912933
2019-12-10,18.84238331137957,19.66779188775727,29.8728813559322,109.8,54.6569227,92.37,18.455,22.57,91.6,4.949315068493151,0.6184000074863434
2019-12-11,18.90868446629892,19.65804768267027,31.92389006342495,110.04,63.90880244,92.4,19.15,22.635,91.6,4.954794520547946,0.5745999813079834
2019-12-12,19.18359375,19.66717542737458,37.76371308016878,109.57,54.40248203,92.65,19.73,22.47,91.6,4.958904109589041,0.5591999888420105
2019-12-13,19.18359375,19.68950615654125,37.89473684210526,110.183,56.6546633,93.99,18.31,23.47,91.6,4.956164383561644,0.3862000107765198
2019-12-16,19.18359375,19.70470375655412,38.02521008403361,112.164,87.74083863,95.525,17.28,24.9,91.65,4.961643835616439,0.158050000667572
2019-12-17,19.18359375,19.71342207938132,38.15513626834381,112.9,86.20323303,96.14,17.69,25.43,91.6,4.945205479452055,-0.006599999964237213
2019-12-18,19.18359375,19.72003556205238,38.28451882845189,113.413,65.01311737,96.55,17.12,25.6,91.6,4.942465753424657,-0.09799999743700027
2019-12-19,18.36407809549477,19.69271837356888,21.29436325678497,113.1755,54.5023178,97.84,16.025,25.715,91.5,4.953424657534246,-0.03324999939650297
2019-12-20,18.21059430324508,19.66985537117705,19.79166666666667,113.0965,55.88388331,96.055,17.48,25.25,91.6,4.950684931506849,0.3046000003814697
2019-12-23,18.6863670454466,19.61734901561307,25.57172557172557,112.2,40.81035559,94.41999999999999,18.495,24.77,91.65,4.942465753424658,0.4147000014781951
2019-12-24,18.40034044777024,19.56593780679497,21.57676348547718,112.805,46.71801619,95.765,16.36,25.105,91.7,4.93972602739726,0.3722500056028366
2019-12-25,18.36229377547828,19.50467649519172,21.32505175983437,113.082,76.21535325,96.33500000000001,16.59,25.53,91.7,4.954794520547946,0.2398999929428101
2019-12-26,18.83826448444514,19.4676446863399,30.16528925619835,113.845,69.97483218,97.055,16.605,26.41,91.75,4.952054794520548,0.1140000000596046
2019-12-27,19.22270128787371,19.42428681260235,39.79381443298969,113.4995,64.45463473,96.66499999999999,16.325,26.17,91.9,4.949315068493151,0.1085500037297606
2019-12-30,19.18359375,19.39876597926902,39.09465020576132,114.65,59.20204896,97.095,16.165,26.815,91.85,4.941095890410959,0.05024999938905239
2019-12-31,19.9119798827876,19.3954352066184,47.84394250513347,116.0,63.45005994,97.85,16.76,27.96,91.9,4.942465753424657,-0.2874999940395355
2020-01-02,19.56640625,19.3571539566184,45.69672131147541,116.74,76.45542667,98.94,16.24,28.65,91.9,4.936986301369863,-0.4722000062465668
2020-01-03,19.94921875,19.338761751306,50.10224948875256,116.999,85.63368337,98.61,15.81,29.505,91.9,4.934246575342466,-0.6489000022411346
2020-01-06,20.04639754643136,19.33738282281804,51.42857142857142,117.3,89.81155927,99.51,15.51,30.04,91.9,4.926027397260274,-0.6248000264167786
2020-01-07,19.56640625,19.32261427239812,45.62118126272913,118.0,99.15021152,100.88,14.67,31.54,92.0,4.934246575342466,-0.6854000091552734
2020-01-08,19.9558906211222,19.31007625143553,50.20325203252033,117.09,91.29987556,99.67,15.23,30.44,92.1,4.931506849315069,-0.5069499909877777
2020-01-09,19.70743797282829,19.2892564755298,46.85598377281947,117.96,78.79877873,102.3,14.66,31.64,91.9,4.928767123287671,-0.608299970626831
2020-01-10,19.18359375,19.26373564219647,38.66396761133603,117.5,124.1940199,103.2,14.22,31.74,91.9,4.942465753424657,-0.4916999936103821
2020-01-13,18.896484375,19.21543461178126,31.71717171717172,117.995,94.42729036,104.12,13.39,31.59,91.9,4.935616438356165,-0.777349978685379
2020-01-14,19.56640625,19.1995009433518,45.76612903225806,118.8,107.37333723,105.42,13.84,32.72,91.9,4.979452054794521,-0.8734000027179718
2020-01-15,19.32607088098662,19.18446929754645,41.64989939637827,118.195,71.83196261,104.595,13.615,31.8,91.9,4.976712328767123,-0.7082499861717224
2020-01-16,18.89974053607114,19.17606942983205,31.72690763052209,117.3,95.45501792,104.79,13.82,30.75,91.9,5.021917808219178,-0.5476999878883362
2020-01-17,19.36640556218708,19.17169140130084,42.08416833667334,117.22,76.51591052,103.81,14.03,31.11,91.9,5.019178082191781,-0.5842000246047974
2020-01-20,20.140625,19.20359244296751,53.2,117.855,82.97707254,104.925,12.87,31.36,92.05,5.03972602739726,-0.6872499883174896
2020-01-21,19.68550513533763,19.22352794933947,47.30538922155689,117.655,97.26886078,103.095,13.84,31.405,92.0,5.067123287671233,-0.6664499938488007
2020-01-22,20.33203125,19.27318288062682,55.77689243027888,117.542,122.58738592,102.44,14.72,30.91,91.8,5.093150684931507,-0.7195000052452087
2020-01-23,21.09765625,19.34614860675019,66.40159045725646,116.32,115.64468088,99.575,17.065,28.84,91.8,5.093150684931507,-0.4403000026941299
2020-02-03,21.09765625,19.40995069008352,66.46825396825396,110.7555,125.72628215,90.78999999999999,23.39,22.025,92.65,5.063013698630137,0.587799996137619
2020-02-04,23.39453125,19.55031527341686,92.67326732673268,113.5085,150.39697618,89.94,25.195,24.24,92.7,5.06027397260274,0.2815999984741211
2020-02-05,23.3732266451357,19.68996970325471,92.29249011857708,114.98,146.47799773,92.14,23.905,26.25,92.65,5.057534246575343,-0.1563500016927719
2020-02-06,23.39395351672165,19.8303150288121,92.3076923076923,115.7,160.07951491,94.26,22.69,27.28,92.7,5.057534246575343,-0.3370999991893768
2020-02-07,21.97134960862385,19.92324022409957,77.16535433070865,115.689,136.7830683,95.55,22.27,27.51,92.8,5.054794520547945,-0.328000009059906
2020-02-10,21.92291913508476,20.04186825875257,76.2278978388998,115.44,141.56111285,95.58,20.92,28.36,93.0,5.047945205479452,-0.5139000117778778
2020-02-11,22.79351460468224,20.19463226880047,88.0392156862745,115.965,131.63008597,94.92,21.71,28.7,93.0,5.045205479452054,-0.5828500092029572
2020-02-12,23.01171875,20.33881065895225,90.41095890410958,116.7945,145.43601825,95.91,21.34,29.3,93.1,5.042465753424658,-0.8032500147819519
2020-02-13,23.01171875,20.49252326902657,90.4296875,116.13,154.46090186,95.43,22.03,28.87,93.2,5.03972602739726,-0.7121000289916992
2020-02-14,23.39453125,20.6602645181773,92.78752436647173,117.02,200.06510187,95.53999999999999,22.385,29.17,93.25,5.038356164383561,-0.7060999870300293
2020-02-17,23.39453125,20.81214007702913,92.80155642023347,119.09,167.0034226,98.5,19.95,31.35,93.3,5.03013698630137,-0.9941999912261963
2020-02-18,23.01171875,20.9384406591,90.09708737864077,119.14,145.71584312,99.85,18.91,32.28,93.3,5.027397260273973,-1.032799959182739
2020-02-19,23.71654516032567,21.08953903944419,94.18604651162791,119.805,140.11943495,100.33,20.05,32.15,93.4,5.024657534246575,-1.127349972724915
2020-02-20,24.16015625,21.23114491835127,96.71179883945842,121.25,151.83734918,101.875,19.61,33.21,93.35,5.021917808219178,-1.198400020599365
2020-02-21,24.16015625,21.38426991835127,96.71814671814671,121.83,175.11822272,103.075,18.99,33.89,93.35,5.019178082191781,-1.488299965858459
2020-02-24,24.16015625,21.52463450168461,96.72447013487476,122.85,154.48404498,103.25,18.88,34.47,93.4,5.010958904109589,-1.64680004119873
2020-02-25,25.30859375,21.70004104180356,97.88461538461539,122.99,171.62972226,103.97,18.87,34.18,93.3,5.008219178082192,-1.627500057220459
2020-02-26,24.16015625,21.85316604180356,96.54510556621881,121.485,139.70979529,102.4,19.09,32.54,93.4,5.005479452054795,-1.222499966621399
2020-02-27,23.22425049506922,21.96211137093513,90.03831417624522,121.01,131.0061927,103.71,18.14,32.09,93.6,5.002739726027397,-1.315999984741211
2020-02-28,24.16015625,22.11053531350752,96.5583173996176,118.1505,171.44488609,96.68,21.21,29.0,93.6,5.001369863013698,-0.8098000288009644
2020-03-02,22.62890625,22.22537906350752,83.3969465648855,119.81,167.67341637,100.83,18.75,31.19,93.7,4.994520547945205,-1.07480001449585
2020-03-03,23.01171875,22.36255354267418,88.76190476190476,120.1,169.92213833,101.0,18.68,31.55,93.7,4.991780821917808,-1.29610002040863
2020-03-04,23.39453125,22.49015770934085,91.63498098859316,120.87,123.46510576,101.8,17.93,31.6,93.9,4.989041095890411,-1.158699989318848
2020-03-05,23.01171875,22.61301263830796,88.61480075901328,123.0,157.1386845,103.68,16.99,32.93,93.9,4.986301369863014,-1.629600048065186
2020-03-06,23.01171875,22.75007857877226,88.63636363636364,123.02,143.7264968,102.49,17.34,32.78,94.1,4.983561643835617,-1.495300054550171
2020-03-09,22.62890625,22.85882860169936,82.79773156899812,120.001,191.08350726,99.83,19.57,30.41,94.3,4.975342465753425,-1.034299969673157
2020-03-10,22.24609375,22.92901089336602,78.30188679245283,121.3,303.31383612,102.36,17.91,30.43,94.4,4.972602739726027,-1.324300050735474
2020-03-11,22.44952926834447,23.02114503113292,80.97928436911488,121.59,311.38930608,100.81,19.73,30.585,94.45,4.967123287671233,-1.286650002002716
2020-03-12,23.77734375,23.13598878113292,93.796992481203,119.9425,342.97652557,99.14,20.7,28.98,94.5,4.965753424657533,-1.062749981880188
2020-03-13,23.96875,23.23169190613292,95.1219512195122,118.975,438.31319141,97.89,20.93,28.66,94.1,4.963013698630137,-0.8811500072479248
2020-03-16,23.13913222982611,23.29974110546046,89.13857677902621,116.11,456.21832322,94.08000000000001,24.1,25.815,93.80000000000001,4.956164383561644,-0.3228000104427338
2020-03-17,23.39453125,23.29974110546046,91.4018691588785,116.425,713.11686187,93.78,24.7,26.52,93.7,4.953424657534247,-0.4115000069141388
2020-03-18,24.05899051966292,23.32259990127803,95.33582089552239,116.46,825.37140442,92.75,27.57,26.87,93.7,4.950684931506849,-0.4406000077724457
2020-03-19,23.7181864668559,23.3334076662825,92.73743016759776,116.23,765.94053847,93.01,28.37,27.43,93.6,4.947945205479452,-0.3890999853610992
2020-03-20,25.5,23.45102934599504,98.3271375464684,118.62,884.68270557,93.67500000000001,29.55,30.475,93.6,4.953424657534247,-0.7983999848365784
2020-03-23,24.54296875,23.53836433315888,97.21706864564007,115.498,561.75974641,90.79,29.47,25.38,93.7,4.945205479452055,-0.09654999896883965
2020-03-24,24.32528862671786,23.58942346722673,96.48148148148148,117.415,605.52043586,92.82,29.66,26.1,93.8,4.942465753424657,-0.5236499905586243
2020-03-25,26.07421875,23.69150680056007,98.52125693160814,119.515,680.06728988,93.79,29.3,29.15,93.9,4.935616438356164,-0.8627500236034393
2020-03-26,25.30859375,23.76806930056007,97.60147601476015,118.6,737.70697252,93.265,29.825,28.43,94.0,4.936986301369863,-0.8078500032424927
2020-03-27,25.30859375,23.8318713838934,97.60589318600368,118.0,774.94863512,93.245,29.51,27.385,94.0,4.934246575342466,-0.7280499935150146
2020-03-30,25.44903460806956,23.90035482916239,97.97794117647058,117.365,648.85257224,91.46000000000001,31.8,26.0,94.1,4.926027397260274,-0.5115000009536743
2020-03-31,25.28196674306883,23.97602976226468,96.88073394495413,117.6,786.35889952,91.41499999999999,31.865,26.25,93.8,4.926027397260274,-0.5478000044822693
2020-04-01,25.30859375,24.02909804858716,97.43589743589743,117.71,780.1601351,90.88,32.54,26.67,93.7,4.928767123287671,-0.656499981880188
2020-04-02,24.92578125,24.05461888192049,96.52650822669105,117.61,649.67168018,92.13,29.73,27.61,93.85,4.927397260273972,-0.5644500255584717
2020-04-03,23.77734375,24.04185846525383,91.78832116788321,116.48,491.87432506,91.81,28.3,25.68,93.7,4.926027397260274,-0.2718999981880188
2020-04-07,23.50285254872287,24.01994834187792,89.79963570127505,117.24,385.53121817,94.05,26.73,27.12,94.1,4.915068493150685,-0.5503000020980835
2020-04-08,23.01171875,23.94338584187792,85.81818181818181,116.761,313.93555425,94.76,25.58,27.7,94.2,4.920547945205479,-0.4959999918937683
2020-04-09,23.39453125,23.91786500854459,89.11070780399274,117.001,331.46865231,94.5,24.74,27.2,94.2,4.926027397260274,-0.3560000061988831
2020-04-10,22.62890625,23.89802020037562,79.8913043478261,115.21,265.22243677,92.555,25.21,25.28,94.15,4.924657534246576,-0.1770500019192696
2020-04-13,21.86328125,23.82145770037562,69.25858951175407,113.81,247.67055255,91.38,25.07,23.13,94.1,4.926027397260274,0.1439999938011169
2020-04-14,21.91243551818414,23.79757534264842,70.21660649819495,115.048,353.77102497,92.81,24.46,23.97,94.0,4.926027397260274,0.02859999984502792
2020-04-15,22.62343480470675,23.78463254447198,78.73873873873873,115.46,641.66580767,91.67,26.34,24.46,94.0,4.924657534246576,0.0633499976247549
2020-04-16,23.33737531851371,23.78272734675577,87.41007194244604,116.0,624.2625624,92.18,27.14,25.69,94.1,4.923287671232877,-0.2055000066757202
2020-04-17,23.41693198685577,23.79623445465096,89.5870736086176,116.53,602.51558954,92.065,26.98,26.505,94.0,4.932876712328767,-0.1942499950528145
2020-04-20,23.39453125,23.80899487131763,89.06810035842294,116.6945,527.21703179,92.66,26.9,27.015,94.0,4.924657534246576,-0.2877500057220459
2020-04-21,23.49777776921179,23.83795725529136,89.80322003577818,116.2865,601.3552304,92.565,28.735,26.315,93.95,4.931506849315069,-0.3074000030755997
2020-04-22,23.77734375,23.88899892195802,91.96428571428571,117.07,672.15897815,93.1,27.925,26.095,94.1,4.928767123287671,-0.4213999956846237
2020-04-23,24.16015625,23.94601982134654,95.00891265597147,117.1,637.26723363,93.285,28.74,26.815,94.3,4.926027397260274,-0.4117000102996826
2020-04-24,23.60420816229721,23.94024863508978,90.2135231316726,115.8945,667.36626074,91.83,28.05,25.835,94.35,4.923287671232877,-0.1513499990105628
2020-04-27,24.54296875,23.95938926008978,96.0923623445826,116.6,502.53981329,91.96,29.75,26.11,94.2,4.917808219178082,-0.3201000094413757
2020-04-28,24.16015625,23.99342339409558,94.8581560283688,116.178,654.17148177,90.64,31.9,25.76,94.15,4.919178082191781,-0.216449998319149
2020-04-29,24.54296875,24.03170464409558,96.10619469026548,115.935,657.16049295,89.485,31.535,25.735,94.2,4.916438356164384,-0.1581999957561493
2020-04-30,24.12409702774949,24.0338748610318,93.28621908127208,116.2725,577.56854947,91.74,29.2,25.875,94.1,4.919178082191781,-0.2509999945759773
2020-05-06,23.77734375,24.03584677046993,91.18165784832452,116.975,367.25841685,92.72,27.74,26.795,94.1,4.902739726027397,-0.4424500018358231
2020-05-07,23.77734375,23.97842489546993,91.19718309859155,115.94,334.78934684,92.255,28.215,26.78,93.9,4.901369863013699,-0.3330499976873398
2020-05-08,23.67289798050215,23.94942253648667,89.45518453427064,116.51,345.90482752,93.43,26.87,27.75,93.7,4.898630136986301,-0.4476999938488007
2020-05-11,22.93988633078227,23.90324245995549,81.22807017543859,116.275,332.9178823,93.045,27.39,27.76,93.3,4.891780821917808,-0.3760000020265579
2020-05-12,22.82602709890168,23.79496940491888,80.38528896672504,115.87,325.10304788,92.37,26.9,27.59,93.1,4.890410958904109,-0.3113000094890594
2020-05-13,21.86328125,23.68012565491888,67.13286713286713,115.4,364.00826512,92.7,25.69,27.72,93.1,4.901369863013699,-0.2223999947309494
2020-05-14,21.97839700780936,23.56911909684585,69.2844677137871,114.73,300.00381774,91.34,26.25,27.04,93.1,4.898630136986301,-0.09619999676942825
2020-05-15,21.31684986818396,23.43137960551633,59.7560975609756,114.405,299.24793434,91.275,26.295,26.18,93.1,4.897260273972602,0.03509999997913837
2020-05-18,20.33203125,23.26638175574737,48.8695652173913,112.825,275.19762282,91.29499999999999,25.585,24.89,93.1,4.889041095890411,0.2659000083804131
2020-05-19,19.75244122982657,23.08117667174159,41.66666666666667,112.712,278.09306891,91.845,23.585,24.985,93.0,4.889041095890411,0.2718000039458275
2020-05-20,18.8933922121038,22.88009703714505,25.99653379549394,111.4,337.24767756,91.7,22.87,22.97,93.0,4.887671232876713,0.5573999881744385
2020-05-21,19.28903417733045,22.73048671805607,35.29411764705883,110.82,357.61734619,91.29,23.09,22.285,92.9,4.884931506849315,0.6470499932765961
2020-05-22,18.81747824352257,22.57430757454939,25.21588946459413,110.005,313.85173679,89.95,24.16,21.28,92.8,4.895890410958904,0.7752000093460083
2020-05-25,18.32735225693368,22.41816202478051,17.75862068965517,109.88,289.69778858,89.7,24.14,20.52,92.9,4.887671232876713,0.9312000274658203
2020-05-26,18.84584362653087,22.26653910399821,25.81755593803787,110.6,281.87999492,90.95,22.38,21.91,92.8,4.884931506849315,0.7110999822616577
2020-05-27,18.513671875,22.12936462483154,20.446735395189,110.809,275.36234896,91.975,21.545,21.985,92.6,4.882191780821918,0.7314999997615814
2020-05-28,18.896484375,22.03047139566487,27.95883361921098,110.909,215.52399251,91.46000000000001,21.525,21.95,92.4,4.88082191780822,0.7814500033855438
2020-05-29,19.18359375,21.93951000339207,34.24657534246575,111.8,270.73452646,91.78,22.6,22.84,92.4,4.879452054794521,0.5651999711990356
2020-06-01,19.55995901289304,21.83739414366494,38.63247863247863,113.41,270.11404985,93.93,21.09,25.2,92.3,4.871232876712329,0.2533999979496002
2020-06-02,20.05154362710912,21.72786642061812,46.58703071672355,114.04,271.68064318,94.25,20.96,26.3,92.0,4.868493150684932,0.07859999686479568
2020-06-03,20.20685054219098,21.62086370579597,47.70017035775128,113.9,288.31660905,94.34,21.64,26.53,91.7,4.865753424657534,0.1789000034332275
2020-06-04,19.65208012694408,21.49611533502743,41.3265306122449,113.251,295.68702953,94.16,21.35,25.89,91.6,4.863013698630137,0.2669000029563904
2020-06-05,19.18359375,21.35230920105371,34.12563667232598,113.0,330.77610982,93.6,20.25,25.0,91.5,4.86027397260274,0.3921000063419342
2020-06-08,18.896484375,21.18961388855371,27.79661016949153,112.65,252.53721308,94.15,20.2,24.86,91.5,4.852054794520548,0.3659000098705292
2020-06-09,18.72535474511648,21.00845383839093,23.3502538071066,113.0,245.13429644,94.36,19.74,24.81,91.6,4.849315068493151,0.3765999972820282
2020-06-10,18.705078125,20.84514950381435,23.14189189189189,112.47,244.47847615,93.4,20.24,24.53,91.6,4.846575342465753,0.386599987745285
2020-06-11,18.513671875,20.64417294131435,20.23608768971332,111.992,264.54397845,93.97,20.76,23.8,91.7,4.843835616438357,0.4941999912261963
2020-06-12,18.705078125,20.46233700381435,23.4006734006734,112.326,276.30997732,93.68,19.98,23.84,91.7,4.841095890410958,0.482699990272522
2020-06-15,19.18359375,20.28369117048102,34.78991596638654,112.5,277.34039201,93.33,20.33,23.64,91.7,4.832876712328767,0.4474999904632568
2020-06-16,18.93797289304572,20.11082036599089,29.36241610738255,113.0,251.63808602,95.55,18.77,24.83,91.6,4.83013698630137,0.294299989938736
2020-06-17,18.67848865221806,19.94085852939816,21.44053601340034,113.1745,258.22870115,96.505,18.435,25.03,91.65,4.827397260273973,0.1658999994397163
2020-06-18,18.322265625,19.75902259189816,17.05685618729097,113.151,242.56483085,96.49,18.92,25.47,91.6,4.824657534246575,0.2379000037908554
2020-06-19,18.705078125,19.59342859671476,23.70617696160267,113.5,301.93115026,96.525,18.14,26.29,91.5,4.823287671232876,0.105749998241663
2020-06-22,18.705078125,19.45226832318868,23.83333333333333,113.5,229.55651102,97.15,18.17,27.07,91.4,4.816438356164383,0.1283999979496002
2020-06-23,18.130859375,19.29576273239196,14.97504159733777,112.88,230.7433742,96.85,16.87,26.14,91.1,4.819178082191781,0.3237000107765198
2020-06-24,18.50925827934606,19.1839619667035,19.10299003322259,113.0,197.28089065,96.745,16.73,25.985,91.05,4.873972602739726,0.3247999995946884
2020-06-29,18.24040031871579,19.05936207706704,16.25207296849088,112.795,197.42229085,95.805,17.58,24.9,91.1,4.860273972602739,0.4394499957561493
2020-06-30,17.59104573753469,18.9351686060454,10.09933774834437,112.7,228.82120072,96.85,16.57,25.5,91.1,4.915068493150685,0.4174000024795532
2020-07-01,17.61899899893535,18.84473419767658,10.41322314049587,113.305,236.47866144,97.805,15.805,26.195,91.2,4.926027397260274,0.2938500046730042
2020-07-02,17.80675172155379,18.77987788073415,11.71617161716172,115.17,297.86708379,99.22,15.72,29.06,91.3,4.936986301369863,-0.09269999712705612
2020-07-03,19.47758634940121,18.79935101864406,39.53871499176277,116.005,343.02751813,101.325,16.14,30.52,91.2,4.935616438356165,-0.4766499996185303
2020-07-06,19.94921875,18.82135717106638,46.875,119.6,475.39463123,105.88,14.65,33.96,91.0,4.928767123287671,-1.070600032806396
2020-07-07,20.33203125,18.87184227128229,51.72413793103448,120.085,472.78789831,107.395,13.77,34.945,90.8,4.93972602739726,-1.027350008487701
2020-07-08,19.56640625,18.91314407105117,42.45901639344262,121.67,505.87521196,109.19,12.34,37.32,90.7,4.942465753424657,-1.213299989700317
2020-07-09,18.896484375,18.91483209600015,29.29623567921441,123.0,554.1099491,112.31,11.47,39.0,90.5,4.93972602739726,-1.500200033187866
2020-07-10,19.18359375,18.93716282516681,35.94771241830065,121.5,487.0396922,111.1,11.95,38.44,90.4,4.936986301369863,-1.118000030517578
2020-07-13,19.33677302807117,18.95183911360252,38.66231647634584,124.6,570.53999543,115.1,10.62,42.675,90.1,4.938356164383562,-1.542199969291687
2020-07-14,18.705078125,18.93588859276919,24.4299674267101,123.9,525.94984601,115.11,10.42,41.69,90.1,4.942465753424657,-1.402300000190735
2020-07-15,18.322265625,18.89463214650608,17.5609756097561,122.0,510.15902328,111.53,10.35,38.69,90.05,4.961643835616439,-1.214499950408936
2020-07-16,18.2164991988277,18.8334639988967,16.23376623376623,118.0,470.27731357,106.12,12.11,34.41,90.1,4.987671232876712,-0.6126000285148621
2020-07-17,18.48421429562508,18.77604279067784,19.28687196110211,118.0,479.62717229,107.03,11.8,34.47,90.2,5.013698630136986,-0.5482000112533569
2020-07-20,18.130859375,18.7253354322797,15.21035598705502,121.9,396.55826627,111.41,10.61,38.20999999999999,90.35,5.017808219178082,-1.152450025081635
2020-07-21,18.32615415910648,18.69675411258326,18.09369951534733,121.475,375.01690574,110.825,10.39,37.935,90.6,5.015068493150685,-1.096749961376191
2020-07-22,18.37085516834917,18.67923313902823,18.70967741935484,122.475,408.72803592,111.49,10.75,39.6,90.8,5.012328767123288,-1.307200014591217
2020-07-23,19.02002434150109,18.68905545890771,32.2061191626409,122.5,411.09313524,109.68,11.19,38.9,91.0,5.021917808219178,-1.313899993896484
2020-07-24,19.56166064049587,18.71760820942424,41.31832797427653,119.69,380.81438197,105.05,14.44,35.02,91.1,5.06027397260274,-0.9650999903678894
2020-07-27,18.9806419272283,18.73317387783185,31.94221508828251,118.97,302.21547501,104.36,13.3,35.63,91.2,5.052054794520548,-0.8050000071525574
2020-07-28,18.55050594674685,18.72802147189008,21.47435897435897,119.99,362.01854378,106.66,12.22,35.27,91.1,5.049315068493151,-1.036100029945374
2020-07-29,18.50853681858734,18.70551957417632,20.0,120.785,374.77163729,108.97,11.495,36.765,91.25,5.046575342465753,-1.300650000572205
2020-07-30,19.18359375,18.7137069360748,37.06070287539936,121.14,330.47764802,107.865,12.17,36.17,91.15,5.043835616438356,-1.28175002336502
2020-07-31,19.94921875,18.75606460600087,48.32535885167464,121.995,378.4748852,108.745,11.89,37.395,91.05,5.041095890410959,-1.444050014019012
2020-08-03,19.56640625,18.79753596016753,43.94904458598726,123.915,399.38416426,112.89,9.665,41.13,91.0,5.032876712328767,-1.783300042152405
2020-08-04,18.90893108260177,18.80433105875426,30.36565977742448,122.915,421.0224324,111.945,9.620000000000001,39.815,91.05,5.03013698630137,-1.696899950504303
2020-08-05,19.16270059720638,18.81958514116114,33.96825396825397,123.77,402.47301562,112.36,9.37,40.3,91.0,5.027397260273973,-1.766999959945679
2020-08-06,19.30910678068015,18.85886005468381,39.14421553090333,123.93,360.71643144,111.6,9.84,40.395,90.9,5.03013698630137,-1.641550004482269
2020-08-07,19.01109874556923,18.87558807022458,32.27848101265823,123.05,433.93488583,111.46,10.18,39.78,90.8,5.032876712328767,-1.663299977779388
2020-08-10,18.86880293970717,18.89653482425763,27.80410742496051,123.89,532.36814198,112.58,10.55,41.905,90.8,5.036986301369863,-1.693749964237213
2020-08-11,19.18359375,18.94961975800647,37.38170347003155,123.0,626.629577,110.565,12.035,39.215,90.9,5.034246575342466,-1.388650000095367
2020-08-12,18.705078125,18.98582239554196,25.03937007874016,121.55,774.60123633,111.01,11.66,38.02,90.9,5.043835616438356,-1.302000045776367
2020-08-13,19.04031428216877,19.02694114756246,33.0188679245283,121.5,764.60984911,110.16,12.96,37.64,90.9,5.041095890410959,-1.413100004196167
2020-08-14,18.9226596491959,19.00844359088895,31.08320251177394,122.045,624.42674003,110.905,11.37,38.54,90.95,5.068493150684931,-1.419599950313568
2020-08-17,18.76484597911941,18.96896449852626,26.01880877742947,123.41,597.59997904,112.41,11.04,40.89,91.0,5.098630136986301,-1.600100040435791
2020-08-18,19.3065575791355,18.93478204283078,39.74960876369327,123.8,511.82993082,112.94,10.92,40.54,91.0,5.095890410958904,-1.694599986076355
2020-08-19,19.56640625,18.93478204283078,45.0,123.39,477.07444521,110.51,12.49,40.43,91.0,5.093150684931507,-1.500399947166443
2020-08-20,19.18359375,18.94435235533078,37.75351014040562,122.115,623.62145019,109.74,13.22,39.695,90.9,5.147945205479452,-1.326550006866456
2020-08-21,18.72291325633664,18.92899633887533,25.07788161993769,122.355,645.3956067,111.08,12.785,39.17,90.85,5.154794520547945,-1.359349966049194
2020-08-24,19.11323186407979,18.92154496674229,33.59253499222395,122.555,406.32039705,110.715,12.135,38.595,90.85,5.146575342465754,-1.343249976634979
2020-08-25,18.952533304748,18.92979347273389,31.98757763975155,122.5,391.0262422,111.21,11.58,38.72,90.7,5.153424657534247,-1.273800015449524
2020-08-26,18.64015519425676,18.94038979170911,22.01550387596899,120.495,372.84240462,107.09,12.825,37.175,90.65,5.150684931506849,-1.061649978160858
2020-08-27,18.513671875,18.95029554758152,20.89783281733746,120.705,373.00195466,109.095,11.485,37.365,90.6,5.147945205479452,-1.082849979400634
2020-08-28,18.705078125,18.95765767522736,25.0386398763524,121.435,348.40835295,110.43,11.6,38.015,90.55,5.145205479452055,-1.240500032901764
2020-08-31,18.705078125,18.97679830022735,25.15432098765432,122.25,289.59005161,110.59,12.35,37.9,90.5,5.142465753424657,-1.242799997329712
2020-09-01,18.896484375,18.99580930742381,30.35439137134052,123.29,298.6369377,110.96,11.83,39.27,90.5,5.13972602739726,-1.443600058555603
2020-09-02,19.21221078564809,19.0238544946671,39.07692307692308,123.495,308.36918314,111.575,11.49,38.97,90.55,5.134246575342466,-1.588649988174438
2020-09-03,19.21370550476092,19.03031053344243,39.1705069124424,123.03,331.7843363,110.47,12.2,39.01,90.5,5.128767123287671,-1.469799995422363
2020-09-04,19.70174249795047,19.03497992869092,47.23926380368098,122.105,298.18759671,111.3,12.86,39.2,90.30000000000001,5.128767123287671,-1.382349967956543
2020-09-07,19.18359375,19.04174498944997,38.43797856049004,121.19,272.43339445,109.91,13.13,37.24,90.30000000000001,5.120547945205479,-1.2255499958992
2020-09-08,19.56640625,19.07560833289174,46.02446483180428,121.455,262.29577948,110.9,12.115,37.545,90.05,5.121917808219179,-1.22775000333786
2020-09-09,18.627661208222,19.07957914587956,21.83206106870229,119.96,291.85107039,108.215,13.96,35.495,90.1,5.11917808219178,-0.9236000180244446
2020-09-10,19.18359375,19.07957914587956,38.56707317073171,118.335,246.94005861,104.75,15.99,34.065,90.2,5.116438356164384,-0.6915999948978424
2020-09-11,18.98147598932011,19.0473210538569,32.72450532724505,118.755,226.59758403,105.355,15.44,34.24,90.2,5.113698630136986,-0.7735999822616577
2020-09-14,18.705078125,19.0186101163569,25.07598784194529,119.135,200.29267664,106.745,13.965,34.57,90.1,5.105479452054794,-0.824099987745285
2020-09-15,18.86673219002807,19.01720348660444,27.92109256449166,118.6,290.14227173,106.65,13.0,34.4,90.0,5.104109589041096,-0.7670999765396118
2020-09-16,18.705078125,19.00194940419756,25.15151515151515,118.0,288.55349749,106.125,13.58,33.54000000000001,90.1,5.106849315068493,-0.6211499869823456
2020-09-17,18.16417586337547,18.96378504028741,15.1285930408472,118.01,273.30080247,106.37,13.26,33.19,90.1,5.109589041095891,-0.6377999782562256
2020-09-18,18.36109667796061,18.94211830470045,17.37160120845921,119.0,316.06674296,107.4,12.78,34.31,90.0,5.106849315068493,-0.7512999773025513
2020-09-21,17.39156585637568,18.89287706858941,7.993966817496228,118.675,245.5508105,107.355,13.27,34.035,90.1,5.104109589041096,-0.6862500011920929
2020-09-22,17.939453125,18.85140571442274,12.5,118.26,294.60709697,105.17,13.36,33.42,90.1,5.106849315068493,-0.5188000202178955
2020-09-23,17.556640625,18.81312446442274,9.323308270676693,118.455,246.79041618,105.76,13.835,33.085,90.05,5.108219178082192,-0.524150013923645
2020-09-24,17.65234375,18.76685878001711,9.90990990990991,116.65,192.57081358,102.68,14.99,31.26,90.0,5.109589041095891,-0.1842000037431717
2020-09-25,17.365234375,18.71494460421058,7.946026986506746,115.8,210.78637365,102.61,14.9,30.37,90.1,5.106849315068493,-0.007199999876320362
2020-09-28,17.94186177729328,18.68751179748305,13.02395209580838,114.1,171.48598571,100.13,15.895,29.395,90.0,5.108219178082192,0.1391499973833561
2020-09-29,17.365234375,18.62280102401186,8.071748878923767,115.36,216.25184983,100.87,16.285,31.235,90.05,5.105479452054794,-0.01710000028833747
2020-09-30,18.5865602492242,18.59013949065267,22.08955223880597,115.735,226.58259678,100.435,17.21,31.475,90.1,5.102739726027397,-0.06275000050663948
2020-10-09,17.83103396266424,18.54505416440814,11.62444113263785,116.845,191.05833813,102.23,14.92,32.39,90.1,5.078082191780822,-0.4051000028848648
2020-10-12,18.09909316426427,18.52426016133906,14.28571428571428,119.1,273.36413272,105.65,13.6,35.18,90.2,5.06027397260274,-0.6836000084877014
2020-10-13,18.705078125,18.51065503670307,26.59732540861813,119.1,252.25407646,106.06,13.86,35.19,90.2,5.057534246575343,-0.6850000023841858
2020-10-14,18.6926376252983,18.50199184738808,23.73887240356083,119.57,238.44939628,105.77,13.92,35.18,90.2,5.054794520547945,-0.6606000065803528
2020-10-15,18.92550093053639,18.51150337193074,33.18518518518518,118.88,216.5589169,105.7,14.51,35.18,90.2,5.071232876712329,-0.616100013256073
2020-10-16,19.18359375,18.5338341010974,40.38461538461539,119.68,263.76166233,106.755,14.43,34.715,90.15,5.072602739726028,-0.6987000107765198
2020-10-19,18.705078125,18.5338341010974,26.73559822747415,118.91,329.13865136,106.375,14.39,34.39,90.2,5.064383561643836,-0.553849995136261
2020-10-20,18.705078125,18.5338341010974,26.84365781710915,119.75,712.42580189,106.495,14.66,34.545,90.25,5.061643835616438,-0.8287500143051147
2020-10-21,19.18359375,18.5434044135974,40.6480117820324,119.47,834.61739057,105.03,16.05,34.115,90.3,5.058904109589041,-0.7748500108718872
2020-10-22,21.09765625,18.60625259574247,64.8529411764706,121.36,1186.76989403,104.63,18.195,35.15000000000001,90.4,5.056164383561644,-1.072499990463257
2020-10-23,19.94921875,18.6307697039171,52.27606461086637,119.485,1923.33761061,103.825,16.94,34.275,90.45,5.053424657534247,-0.7959499955177307
2020-10-26,20.71484375,18.66453974565209,60.26392961876833,120.165,1603.624861,103.24,19.335,34.36,90.45,5.045205479452054,-0.959199994802475
2020-10-27,21.36324943667461,18.73719493520791,66.76427525622255,121.3,1612.90465153,103.13,19.79,35.64,90.4,5.046575342465753,-1.148100018501282
2020-10-28,21.86328125,18.81375743520791,72.36842105263158,121.0,1576.3171236,103.19,19.53,35.99,90.4,5.043835616438356,-1.119600057601929
2020-10-29,21.10016534981449,18.89617423992766,64.81751824817519,120.89,1293.47936652,102.865,18.64,34.66,90.45,5.042465753424658,-1.021200001239777
2020-10-30,20.33203125,18.93445548992766,56.41399416909621,119.05,948.05003036,99.72,19.83,32.645,90.45,5.03972602739726,-0.6917000114917755
2020-11-02,19.18359375,18.94119274861699,40.32023289665211,117.3,595.20275434,98.32,18.99,32.09,90.5,5.032876712328767,-0.5034999847412109
2020-11-03,18.94520941032957,18.94919712479464,33.57558139534884,117.265,507.22316704,99.88,17.32,32.13,90.5,5.042465753424658,-0.5907000005245209
2020-11-04,19.1831000365494,18.95974271967868,36.71988388969521,117.2,472.54792587,100.29,18.17,32.32,90.5,5.043835616438356,-0.6173999905586243
2020-11-05,19.18359375,18.97569324051202,40.57971014492754,117.725,431.4632519,101.99,16.11,34.08,90.6,5.056164383561644,-0.6947499811649323
2020-11-06,18.84669131175605,18.99844375545804,29.08827785817655,117.61,386.38599755,100.78,16.44,33.26,90.6,5.068493150684931,-0.6373000144958496
2020-11-09,19.56640625,19.03862074119268,47.97687861271676,118.9,400.69786883,102.61,15.76,34.68,90.7,5.06027397260274,-0.7824000120162964
2020-11-10,19.08501236868167,19.09506895826955,35.35353535353535,118.595,376.29471098,102.19,16.365,34.285,90.6,5.06027397260274,-0.5920999944210052
2020-11-11,19.18359375,19.13654031243622,40.77809798270893,118.45,325.56251545,101.275,16.86,34.16,90.6,5.057534246575343,-0.533950001001358
2020-11-12,19.56640625,19.20353249993622,48.20143884892086,118.39,404.93494139,100.955,16.61,34.39,90.4,5.054794520547945,-0.5926499962806702
2020-11-13,20.33203125,19.29285541660288,57.04022988505747,119.0,846.01078451,101.0,17.86,34.89,90.2,5.054794520547945,-0.6830000281333923
2020-11-16,19.56640625,19.36622781243621,48.20659971305595,119.01,625.68893241,101.73,16.71,35.22,90.2,5.068493150684931,-0.7592999935150146
2020-11-17,18.705078125,19.39166835735977,26.21776504297994,117.545,584.60685382,101.09,16.585,34.045,90.2,5.067123287671233,-0.4344500005245209
2020-11-18,19.03934136883997,19.44747192382111,34.90701001430615,117.94,493.14034089,102.595,16.01,34.83,89.9,5.064383561643835,-0.5221500098705292
2020-11-19,18.29226912313433,19.43766221961811,16.42857142857143,117.95,431.76172454,102.54,14.895,34.05,89.9,5.061643835616438,-0.4966499954462051
2020-11-20,18.2982646979124,19.45323657745972,16.54778887303852,117.85,373.61009522,102.52,14.35,33.74,89.8,5.06027397260274,-0.576200008392334
2020-11-23,17.94873751405746,19.44822472245282,12.82051282051282,118.3,364.96456595,103.21,14.13,34.53,89.7,5.052054794520548,-0.5843999981880188
2020-11-24,18.322265625,19.43546430578615,17.63869132290185,118.75,372.29198327,103.33,14.93,35.09,89.7,5.049315068493151,-0.654699981212616
2020-11-25,19.18359375,19.45182950994288,41.19318181818182,118.33,439.27901895,101.21,16.02,34.84,89.7,5.046575342465753,-0.6460999846458435
2020-11-26,19.94921875,19.48595343725833,53.04964539007092,117.865,461.68161783,101.32,17.06,33.88,89.75,5.047945205479452,-0.4988000094890594
2020-11-27,19.52188816457429,19.49722991774414,45.3257790368272,117.84,434.81447621,100.32,16.85,33.61,89.7,5.049315068493151,-0.4302000105381012
2020-11-30,19.56640625,19.52594085524414,48.7977369165488,117.87,428.55718317,100.37,17.3,33.43,89.9,5.041095890410959,-0.4449000060558319
2020-12-01,18.705078125,19.52594085524414,26.55367231638418,118.2,385.55538873,101.47,16.62,34.17,89.9,5.041095890410959,-0.5692999958992004
2020-12-02,19.05192558910762,19.52155191654773,35.40197461212976,118.05,422.97579855,101.095,16.47,34.675,89.9,5.043835616438356,-0.6554499864578247
2020-12-03,18.5934429891075,19.43807814118465,21.97183098591549,118.58,373.51620846,100.53,16.39,34.615,90.0,5.041095890410959,-0.6114999949932098
2020-12-04,18.896484375,19.40298699535132,31.78621659634318,118.02,393.63932326,100.04,16.6,33.92,90.0,5.041095890410959,-0.5558000206947327
2020-12-07,19.64008907501532,19.36716183951849,49.57865168539326,117.54,325.907953,99.36,16.56,33.93,90.1,5.032876712328767,-0.488400012254715
2020-12-08,18.609375,19.27536602496267,22.15988779803647,117.8,326.96475508,98.89,16.31,33.83,90.1,5.03013698630137,-0.4955999851226807
2020-12-09,19.56640625,19.19880352496267,49.15966386554622,116.6,338.18111763,98.0,17.85,32.8,90.1,5.027397260273973,-0.2585999965667725
2020-12-10,19.85863330323328,19.15741912340996,51.46853146853147,116.16,658.79415013,96.97,18.41,31.86,90.15,5.024657534246575,-0.1700000017881393
2020-12-11,19.18359375,19.11913787340996,41.34078212290503,115.0,512.52015615,95.82,18.86,30.45,90.2,5.021917808219178,0.02899999916553497
2020-12-14,18.58030150330666,19.09902813185352,21.47838214783822,115.09,338.0315768,96.55,17.66,29.89,90.2,5.013698630136986,0.07970000058412552
2020-12-15,17.556640625,19.05274250567587,9.052924791086351,113.25,433.55987919,96.23,17.02,28.33,90.3,5.010958904109589,0.3158000111579895
2020-12-16,17.63496247766757,19.0011379203798,9.596662030598054,112.24,412.25931437,95.425,17.3,26.915,90.4,5.012328767123288,0.5134000182151794
2020-12-17,16.982421875,18.92776552454647,4.861111111111112,112.53,402.06121807,96.5,16.81,28.27,90.2,5.013698630136986,0.3632999956607819
2020-12-18,17.69433635796858,18.88935369275356,10.124826629681,112.3,395.51321194,96.25,16.98,28.56,90.3,5.010958904109589,0.3738999962806702
2020-12-21,17.748046875,18.82874171358689,10.66481994459834,113.03,379.95007287,96.32,16.03,28.595,90.4,5.002739726027397,0.3312000036239624
2020-12-22,18.59131113673719,18.81228500585541,22.40663900414938,111.825,541.12857052,93.965,18.86,27.255,90.4,5.004109589041096,0.5992999970912933
2020-12-23,18.44495564279278,18.78766373561517,19.47513812154696,111.55,696.68996203,94.715,17.69,26.6,90.4,5.001369863013698,0.6405999958515167
2020-12-24,17.29687703742188,18.71201276186256,6.068965517241379,109.705,643.50003304,92.725,18.185,23.385,90.4,5.001369863013698,1.045550048351287
2020-12-25,17.69272563344557,18.62403590797742,10.19283746556474,109.9,595.5599449,94.07,17.51,23.03,90.4,5.0,0.9171000123023987
2020-12-28,18.16367104015378,18.57727806764921,16.09353507565337,109.23,503.49126863,92.28,19.165,23.1,90.5,4.998630136986302,1.144800007343292
2020-12-29,17.556640625,18.53899681764921,9.340659340659341,109.54,542.55661237,91.93,19.93,23.84,90.6,5.0,1.032999992370605
2020-12-30,18.322265625,18.51509429285454,18.38134430727023,109.99,504.62722054,92.12,20.29,24.62,90.7,4.997260273972603,0.8938000202178955
2020-12-31,19.15268697886717,18.54377488804564,37.80821917808219,111.38,482.95835975,93.4,20.04,26.72,90.5,4.994520547945205,0.5543000102043152
2021-01-04,19.96014396067416,18.59917086347103,54.85636114911081,112.39,493.99943056,94.57,19.03,27.45,90.6,4.983561643835617,0.5030999779701233
2021-01-05,19.56640625,18.65309315466911,50.13661202185792,111.5,639.87996508,94.0,19.57,26.61,90.6,4.980821917808219,0.7342000007629395
2021-01-06,19.56640625,18.69456450883578,50.20463847203275,111.2,699.28988715,93.27,20.19,26.4,90.6,4.980821917808219,0.6890000104904175
2021-01-07,20.17353882419823,18.72756267797572,56.81198910081744,108.995,777.65325023,91.61500000000001,21.57,24.515,90.6,4.986301369863014,1.070549964904785
2021-01-08,18.79343782166332,18.68903664703117,29.38775510204082,109.2,724.86451225,91.285,20.795,24.46,90.6,4.998630136986302,1.118199944496155
2021-01-11,19.55324097945739,18.6900817408606,46.73913043478261,108.37,562.63808619,89.97,22.0,24.215,90.55,4.99041095890411,1.265450000762939
2021-01-12,19.19489593521778,18.67769806370119,42.33378561736771,108.81,536.32048618,90.04,22.06,23.85,90.5,5.002739726027397,1.196699976921082
2021-01-13,19.94921875,18.71916941786786,54.87804878048781,107.96,581.82157322,89.27,22.51,22.77,90.6,5.0,1.316799998283386
2021-01-14,20.39049742110653,18.76378847893449,59.94587280108254,108.445,586.31287031,89.00999999999999,22.895,23.34,90.65,5.0,1.178199946880341
2021-01-15,19.8874882191618,18.8069233199363,52.56756756756756,109.08,628.06101117,89.95,22.82,23.62,90.7,5.0,1.059499979019165
2021-01-18,19.66807455074058,18.83264299246099,51.14709851551957,110.0,482.45131947,90.93,20.87,24.86,90.7,5.063013698630137,0.8490999937057495
2021-01-19,20.31496693843037,18.85513892124149,58.08625336927224,109.835,467.12860252,90.805,21.54,25.44,90.75,5.06027397260274,0.9135499894618988
2021-01-20,20.71484375,18.92532121290816,63.12247644683715,110.05,418.19598064,91.08,21.73,25.45,90.8,5.057534246575343,0.9172999858856201
2021-01-21,19.56640625,18.92532121290816,50.0,110.48,435.79544333,91.15,20.75,26.24,90.9,5.054794520547945,0.8914999961853027
2021-01-22,20.25159753551009,18.93842002065071,57.58389261744966,109.99,475.62407117,90.04,21.5,24.94,90.9,5.052054794520548,0.8913000226020813
2021-01-25,20.10257319895013,18.96905266894905,56.30026809651475,109.0,517.25707084,89.05,22.42,23.85,91.0,5.043835616438356,1.155400037765503
2021-01-26,19.4539927383083,18.99817571011577,45.11378848728246,107.855,423.60883846,87.375,23.345,22.11,91.05,5.06027397260274,1.38714998960495
2021-01-27,19.22909606252598,19.05392422469997,42.64705882352941,106.765,478.1507509,87.33500000000001,21.67,22.12,91.0,5.057534246575342,1.522499978542328
2021-01-28,19.18359375,19.10554526711105,41.65554072096128,106.31,483.96428399,86.63,21.695,20.515,91.0,5.054794520547945,1.772199988365174
2021-01-29,18.40096035489868,19.15282988310768,19.06666666666667,104.17,427.49950797,85.76,21.02,18.26,90.9,5.071232876712329,1.969599962234497
2021-02-01,18.13958270334691,19.16767142795362,15.04660452729694,104.005,348.2294349,85.375,20.425,17.59,90.9,5.043835616438356,2.152199983596802
2021-02-02,17.68917940684325,19.16570917901506,9.97340425531915,103.91,434.36783619,85.11,19.94,17.68,90.7,5.06027397260274,2.156599998474121
2021-02-03,17.1095902696113,19.1163184834442,5.046480743691899,103.0,391.40394625,84.47,20.75,15.97,90.8,5.057534246575343,2.350899934768677
2021-02-04,15.52939600467252,19.01913316217352,0.9283819628647214,101.52,398.37408927,83.035,21.375,13.915,90.75,5.056164383561644,2.763499975204468
2021-02-05,15.81877050605547,18.96986294446131,1.19205298013245,100.4,401.61808675,82.14,20.615,12.25,90.7,5.053424657534247,2.961249947547913
2021-02-08,15.2903552543589,18.88978393182509,0.7936507936507936,100.31,347.77306708,82.45,20.74,12.33,90.9,5.046575342465753,3.044399976730347
2021-02-09,16.025390625,18.81850791798663,1.585204755614267,101.89,345.10943871,83.77,21.59,14.05,90.8,5.043835616438356,2.747699975967407
2021-02-10,17.03775525240822,18.80121173890024,5.408970976253298,102.685,384.18330826,84.075,21.745,15.2,90.8,5.043835616438356,2.464750051498413
2021-02-18,17.55576216510946,18.77566162357055,9.090909090909092,104.3,309.83672225,85.97,20.15,16.44,90.9,5.024657534246575,2.291500091552734
2021-02-19,17.556640625,18.72246007844165,10.0,105.98,332.19518068,88.4,18.855,18.98,91.0,5.021917808219178,1.926050007343292
2021-02-22,18.14587227765806,18.66198435567444,16.29434954007884,106.7,416.74352534,89.71,18.89,19.83,91.1,5.013698630136986,1.623900055885315
2021-02-23,17.59572235333853,18.59629489245239,10.36745406824147,106.345,330.48560724,89.465,19.25,19.215,91.1,5.010958904109589,1.846549987792969
2021-02-24,16.86498644657969,18.50624756567172,4.325032765399738,105.91,352.41932741,89.72,17.86,19.06,91.2,5.008219178082192,1.989599943161011
2021-02-25,16.982421875,18.39987700069844,5.366492146596859,105.36,303.66154249,88.765,18.3,17.695,91.2,5.005479452054795,2.080049991607666
2021-02-26,16.95972397040853,18.33875320565661,4.705882352941176,105.225,320.69219205,88.32,19.445,18.185,91.2,5.002739726027397,2.036900043487549
2021-03-01,17.02588085978704,18.25450786833427,5.744125326370757,105.81,315.16930623,90.245,18.205,18.95,91.3,4.998630136986302,2.048099994659424
2021-03-02,16.7607415225877,18.17336938791327,3.780964797913951,105.24,330.28009972,89.44,17.94,18.89,91.4,5.0,2.006799936294556
2021-03-03,16.60890677365255,18.06202565536836,3.776041666666666,106.29,318.92368371,91.235,17.26,20.005,91.3,4.993150684931507,1.889550030231476
2021-03-04,16.70654619639156,17.93922728121118,3.901170351105332,105.495,311.26903146,90.45500000000001,17.77,19.5,91.4,4.99041095890411,1.927850008010864
2021-03-05,16.58612704192362,17.82918190863658,3.116883116883117,106.16,311.04801708,91.375,17.395,20.135,91.45,4.987671232876712,1.896549999713897
2021-03-08,17.17256514389592,17.74599826174176,6.744487678339818,105.945,315.70321408,90.95,18.28,19.38,91.35,4.979452054794521,1.929300010204315
2021-03-09,16.99488721475586,17.63532893761927,6.217616580310881,105.25,381.38925787,89.055,20.135,17.965,91.3,4.976712328767123,1.971849977970124
2021-03-10,17.63798767562317,17.53276706847338,11.90168175937904,105.69,504.2312236,88.03,22.13,18.01,91.3,4.978082191780822,1.805600047111511
2021-03-11,17.461151862528,17.46259192222431,10.07751937984496,106.36,559.74132084,89.96,20.89,19.66,91.3,4.975342465753425,1.717499971389771
2021-03-12,17.71389716581485,17.37800190990114,12.7741935483871,106.84,452.45049795,90.14,20.85,20.4,91.3,4.972602739726027,1.599699974060059
2021-03-15,17.68194729579762,17.29731437979606,12.37113402061856,107.295,398.34748996,89.86,21.205,21.1,91.30000000000001,4.967123287671233,1.565949976444244
2021-03-16,17.26953125,17.22449899685245,7.722007722007722,107.66,380.39000252,90.73,20.05,21.78,91.2,4.967123287671233,1.3992999792099
2021-03-17,16.97197558213093,17.14926164750595,5.398457583547557,107.6,379.33602939,90.94,20.06,22.0,91.2,4.964383561643835,1.507400035858154
2021-03-18,17.748046875,17.10141008500595,13.73555840821566,107.32,329.5826197,91.16,19.75,21.92,91.3,4.961643835616439,1.616199970245361
2021-03-19,17.53523703985955,17.07255264117131,10.38461538461539,107.425,353.02767531,91.315,19.945,21.21,91.1,4.96027397260274,1.579699993133545
2021-03-22,18.08673534735383,17.0707910626382,17.02944942381562,108.305,335.679799,92.53,20.02,22.39,91.19999999999999,4.952054794520548,1.392099976539611
2021-03-23,17.72931812113332,17.0721290197812,13.29923273657289,107.595,378.38823213,91.525,19.925,21.405,91.25,4.949315068493151,1.355849981307983
2021-03-24,17.48262585681097,17.08456353935453,10.3448275862069,106.98,392.03732604,91.41999999999999,19.86,20.22,91.2,4.949315068493151,1.513549983501434
2021-03-25,16.791015625,17.12661752669878,4.591836734693878,106.575,309.35336694,90.92500000000001,20.04,19.765,91.25,4.946575342465753,1.708299994468689
2021-03-26,17.22571825106103,17.17351578486563,7.515923566878981,106.92,309.12908582,91.92,19.43,20.575,91.3,4.943835616438356,1.581849992275238
2021-03-29,18.130859375,17.26819925555367,18.57506361323155,107.0,303.15545648,91.26,19.58,21.34,91.3,4.936986301369863,1.495800018310547
2021-03-30,18.21050609158117,17.34103643777304,19.82210927573062,106.48,325.68491719,89.46,19.69,21.14,91.2,4.934246575342466,1.682999968528748
2021-03-31,18.09111439774342,17.37614840928421,17.51269035532995,106.84,340.23374805,89.93,19.3,20.44,91.3,4.93972602739726,1.665300011634827
2021-04-01,18.03515625,17.3921282121139,17.11026615969582,107.195,326.6011773,90.015,19.58,20.72,91.2,4.93972602739726,1.80035001039505
2021-04-02,18.5823064071949,17.42631707152039,26.07594936708861,106.87,297.14713416,90.47,19.825,20.91,91.25,4.941095890410958,1.661499977111816
2021-04-06,18.2302866658316,17.42913088445951,20.48040455120101,107.72,246.75635522,91.845,18.695,21.36,91.3,4.93013698630137,1.495450019836426
2021-04-07,18.09316313764529,17.4457122439364,17.67676767676768,107.97,257.91597563,92.05,18.37,21.835,91.2,4.927397260273972,1.442200005054474
2021-04-08,18.31897512669392,17.49417853327355,21.18537200504414,107.81,281.00212256,91.21000000000001,18.935,21.755,91.2,4.924657534246576,1.530000030994416
2021-04-09,18.705078125,17.55160040827355,31.23425692695214,107.75,245.57629052,91.60499999999999,19.17,21.865,91.25,4.921917808219177,1.428700029850006
2021-04-12,18.705078125,17.60977888009326,31.32075471698113,107.03,236.5336583,91.59,19.47,20.08,91.3,4.915068493150685,1.659000039100647
2021-04-13,17.72536281081945,17.63309494512767,13.44221105527638,106.57,244.144011,90.68,20.53,19.8,91.4,4.912328767123288,1.690199971199036
2021-04-14,17.65234375,17.66281501937475,12.67252195734002,107.02,305.89377995,91.88499999999999,19.185,19.78,91.45,4.909589041095891,1.520449995994568
2021-04-15,17.84287654465199,17.70394734507473,15.16290726817043,106.8,260.80799369,91.915,18.905,19.12,91.55,4.906849315068493,1.600799977779388
2021-04-16,17.939453125,17.74504424269502,16.5206508135169,107.43,244.92701633,92.68,17.39,19.89,91.6,4.904109589041096,1.485599994659424
2021-04-19,17.91753398176177,17.78942447402295,15.625,108.39,330.43353423,93.77,17.83,21.48,91.6,4.895890410958904,1.121799945831299
2021-04-20,18.06768228767419,17.81926171214889,17.72784019975031,108.58,381.52271855,93.07,18.2,21.44,91.5,4.893150684931507,1.18120002746582
2021-04-21,17.93203546453284,17.85049998714146,15.71072319201995,108.48,434.44677899,93.34,18.13,21.08,91.5,4.890410958904109,1.15090000629425
2021-04-22,17.71424918485954,17.85304203744934,13.44956413449564,108.42,403.51297197,93.83,18.17,21.46,91.5,4.887671232876713,1.114400029182434
2021-04-23,17.939453125,17.86898541286507,16.91542288557214,108.27,566.12898721,93.3,18.48,20.18,91.5,4.906849315068493,1.183599948883057
2021-04-26,17.57801178323885,17.86445590011254,11.67701863354037,108.19,622.49604314,92.15,18.47,20.68,91.6,4.898630136986301,1.245800018310547
2021-04-27,17.33119011708309,17.85276399415539,8.188585607940446,107.81,687.21779495,91.99000000000001,18.025,20.055,91.55,4.901369863013699,1.285199999809265
2021-04-28,17.939453125,17.87509472332205,17.22428748451053,108.0,643.40619514,91.62,18.46,20.28,91.6,4.893150684931507,1.298099994659424
2021-04-29,18.03806109095055,17.91063090694938,18.19306930693069,107.59,683.37057268,91.04,19.12,20.17,91.6,4.890410958904109,1.315299987792969
2021-04-30,18.34440605913321,17.93050954642048,23.8566131025958,107.89,679.28102666,89.485,19.235,20.07,91.65,4.893150684931507,1.393450021743774
2021-05-06,18.130859375,17.9503636242585,20.12345679012346,108.095,606.14500083,89.97999999999999,19.55,20.28,91.8,4.876712328767123,1.325450003147126
2021-05-07,19.18359375,17.98692557101337,46.11590628853268,107.93,812.26289285,90.6,20.425,20.515,91.8,4.882191780821918,1.203000009059906
2021-05-10,19.56640625,18.04816184197559,53.94088669950739,108.19,848.45838593,90.34,21.745,21.175,91.8,4.873972602739727,1.078949987888337
2021-05-11,19.56640625,18.11762118841522,53.99753997539975,109.445,1117.02713486,90.385,21.76,22.6,91.9,4.871232876712329,0.957749992609024
2021-05-12,19.4615584799734,18.206639283581,49.50859950859951,109.315,941.16407367,91.125,20.805,21.9,91.9,4.876712328767123,0.9498500227928162
2021-05-13,19.18359375,18.2719018002123,46.01226993865031,109.265,833.46883056,90.38499999999999,21.645,22.24,91.95,4.873972602739727,0.957749992609024
2021-05-14,18.79253922326526,18.29395779515448,33.94607843137255,109.33,840.49108439,91.54,20.26,22.54,92.0,4.876712328767123,0.9440000057220459
2021-05-17,18.896484375,18.31682373793511,37.20930232558139,109.23,717.75782192,90.84,20.76,22.11,92.0,4.868493150684931,0.9959999918937683
2021-05-18,19.18359375,18.35323971634366,46.21026894865526,109.33,803.08983483,90.7,21.64,22.66,92.0,4.865753424657534,1.008499979972839
2021-05-19,18.896484375,18.38195065384366,37.24053724053724,109.54,816.11008208,90.735,22.17,22.63,92.05,4.864383561643836,0.9585500061511993
2021-05-20,18.513671875,18.37966283610383,26.82926829268293,109.835,784.67427406,90.975,21.99,22.42,92.05,4.861643835616439,0.9739499986171722
2021-05-21,18.88292814673926,18.40141755213408,35.32277710109623,109.85,738.30695483,90.325,22.305,22.47,92.05,4.858904109589041,0.9424000084400177
2021-05-24,18.76126745210897,18.42368769594954,33.21167883211679,110.2,618.17744583,90.77,22.35,23.2,92.1,4.852054794520548,0.8385999798774719
2021-05-25,19.18359375,18.45250831672641,46.53705953827461,110.76,684.5379536,91.79,21.4,23.35,92.1,4.849315068493151,0.7742999792098999
2021-05-26,19.55104986595977,18.4807073747584,50.97087378640776,111.3,697.74565376,92.22,21.37,23.87,92.2,4.846575342465753,0.6830000281333923
2021-05-27,19.52834759354064,18.50814969037642,50.66666666666667,111.64,625.52894687,92.44,21.92,24.58,92.2,4.843835616438357,0.6147000193595886
2021-05-28,18.896484375,18.54718707584911,37.409200968523,110.95,581.41122266,92.50999999999999,21.825,24.745,92.2,4.842465753424657,0.6391500234603882
2021-05-31,19.71171269622366,18.6158327073899,56.2273276904474,111.47,556.94584416,93.61,21.52,24.46,92.2,4.835616438356165,0.5846999883651733
2021-06-01,19.36974171738198,18.66672821314756,49.51690821256038,111.56,557.54831822,93.71000000000001,21.06,24.38,92.1,4.843835616438357,0.6137499809265137
2021-06-02,19.18359375,18.70819956731423,46.44149577804584,111.64,482.53907918,92.31,21.635,24.135,92.1,4.841095890410958,0.6317000091075897
2021-06-03,19.58126479702966,18.7636572611565,54.81927710843374,112.425,444.88636297,92.87,21.81,24.63,92.1,4.838356164383562,0.3940500020980835
2021-06-04,19.56640625,18.81361472656736,54.75330926594465,112.33,500.79416756,93.515,21.085,24.815,92.1,4.835616438356164,0.4236499965190887
2021-06-07,19.13566265766844,18.85373563300521,41.22596153846154,112.05,414.4959372,92.72999999999999,20.49,25.05,92.05,4.827397260273973,0.4509500116109848
2021-06-08,18.44391373027215,18.87805778451896,24.48979591836735,112.115,418.13288712,93.075,20.015,24.915,92.05,4.824657534246576,0.5853500068187714
2021-06-09,18.47943243985323,18.89605709501407,24.82014388489209,112.395,405.31743986,93.685,19.66,24.72,92.05,4.821917808219178,0.6035000085830688
2021-06-10,18.513671875,18.92724576473944,26.70658682634731,112.49,419.22658981,93.55000000000001,20.05,25.755,92.05,4.819178082191781,0.5767000019550323
2021-06-11,18.705078125,18.97304203167,32.17703349282297,113.01,564.29095118,93.09,20.98,25.48,92.1,4.827397260273973,0.6703000068664551
2021-06-15,18.42545173621108,18.98924198537704,24.25328554360812,111.79,476.06738248,93.57,19.905,24.245,92.2,4.816438356164383,0.8304499983787537
2021-06-16,17.70107000961033,18.97800894933237,13.00715990453461,111.26,498.63243323,92.44999999999999,20.14,23.32,92.15,4.813698630136987,0.981249988079071
2021-06-17,18.08906565784155,18.96949760262265,18.23599523241955,110.7,515.33610603,93.29,19.67,23.09,92.2,4.810958904109589,0.9894000291824341
2021-06-18,18.15375083003568,18.97026065112384,20.23809523809524,110.54,518.18475509,93.95500000000001,19.13,23.085,92.2,4.808219178082192,0.9300499856472015
2021-06-21,17.939453125,18.92878929695717,16.76575505350773,111.365,526.7918876,94.89,18.5,24.305,92.25,4.8,0.826200008392334
2021-06-22,18.06702490548515,18.87880991880667,17.93349168646081,112.805,573.37173621,94.745,18.34,25.835,92.1,4.797260273972602,0.6845999956130981
2021-06-23,18.76388056793806,18.85205906273794,33.68920521945433,112.965,611.08726864,95.785,18.19,26.025,92.1,4.794520547945206,0.6570999920368195
2021-06-24,18.85327288311973,18.83178287617615,35.42654028436019,112.705,578.83353507,95.725,18.605,26.775,92.1,4.791780821917808,0.558349996805191
2021-06-25,18.609375,18.81264225117615,28.5207100591716,112.705,534.50596165,95.515,18.22,26.045,92.15,4.789041095890411,0.4672499895095825
2021-06-28,19.18359375,18.82567740206731,47.28132387706856,112.655,491.68967028,95.80000000000001,17.67,26.31,92.15,4.782191780821918,0.4680999964475632
2021-06-29,19.18359375,18.83524771456731,47.34356552538371,112.1,485.05697529,95.49,18.39,25.77,92.1,4.780821917808219,0.5742999911308289
2021-06-30,18.322265625,18.80653677706731,23.11320754716981,112.46,500.40048072,95.955,17.065,25.73,92.05,4.778082191780822,0.6245500147342682
2021-07-01,18.50901592756131,18.79362116215269,25.79505300353357,112.48,616.66198529,94.89,19.0,25.14,92.1,4.775342465753424,0.7196000218391418
2021-07-02,18.97226904281694,18.80890773441325,40.23529411764706,112.025,567.57952645,93.94,18.69,24.01,92.2,4.772602739726027,0.8199999928474426
2021-07-05,18.22410534710207,18.78694697442535,21.38660399529965,111.975,572.9034453,95.06,18.265,24.5,92.2,4.764383561643836,0.6632499992847443
2021-07-06,17.98911643930957,18.76120860733203,17.13615023474178,112.3,597.99808877,94.89,18.08,24.45,92.2,4.761643835616439,0.699400007724762
2021-07-07,18.705078125,18.7452580864987,32.94255568581477,113.58,649.81171476,95.48,17.54,25.31,92.3,4.758904109589041,0.5415999889373779
2021-07-08,19.18359375,18.73300954930004,47.7751756440281,113.34,685.74604868,94.57,18.765,26.47,92.6,4.756164383561644,0.4665499925613403
2021-07-09,19.73579516950688,18.73992446849892,57.66081871345029,114.3,714.85998777,95.53,18.77,27.0,92.5,4.753424657534246,0.2452999949455261
2021-07-12,19.94921875,18.77501561433225,60.51401869158879,114.94,711.75610109,95.81,19.18,28.39,92.6,4.753424657534246,0.1871999949216843
2021-07-13,19.91566735307242,18.78181410289388,58.57642940490082,115.64,796.70366431,97.07,18.98,29.52,92.8,4.750684931506849,-0.01840000040829182
2021-07-14,20.71457629832324,18.82664192225858,67.01631701631702,115.965,864.37703253,96.695,19.81,28.87,92.9,4.747945205479452,0.03325000079348683
2021-07-15,20.38583037220558,18.8667164763321,65.19208381839347,115.41,922.69382206,96.21000000000001,19.215,28.855,92.8,4.745205479452055,0.1768999993801117
2021-07-16,20.87860707855693,18.90996121904968,69.06976744186046,115.74,756.60925111,95.76,20.4,28.68,92.8,4.742465753424657,0.2084999978542328
2021-07-19,20.48068863353754,18.94043729850093,65.62137049941929,115.24,620.94369601,96.95,20.01,28.52,92.9,4.734246575342466,0.05530000105500221
2021-07-20,21.09765625,19.00583708491198,71.92575406032483,115.43,649.2059922,97.07,20.74,28.79,93.0,4.731506849315068,0.03119999915361404
2021-07-21,21.09765625,19.09429516890291,71.9582850521437,116.585,762.03377244,97.33,20.36,29.1,93.1,4.728767123287671,-0.115949995815754
2021-07-22,21.39374391898811,19.19143888487407,73.8425925925926,117.0,968.99545836,97.8,20.01,29.83,93.2,4.726027397260274,-0.2249999940395355
2021-07-23,22.02114444952323,19.30835463735818,80.0,117.215,824.96938042,96.805,20.97,29.315,93.2,4.724657534246575,-0.2637500017881393
2021-07-26,21.48046875,19.40086765819151,75.17321016166282,116.0,773.81925909,95.27,22.35,27.97,93.3,4.717808219178082,-0.007799999788403511
2021-07-27,21.91087113131718,19.51704830469505,78.66205305651673,114.7,818.33935087,92.98,23.17,27.13,93.3,4.715068493150685,0.1806000024080276
2021-07-28,23.19418982328102,19.70015229848407,89.97695852534562,113.445,887.8879729,91.15,24.835,24.96,93.1,4.712328767123288,0.4468500018119812
2021-07-29,23.08277937944661,19.86660942253758,89.41311852704258,114.59,931.64059569,92.69,24.59,26.5,93.2,4.70958904109589,0.1380999982357025
2021-07-30,22.62890625,20.01578126986972,85.17241379310346,114.82,909.15660906,93.14,23.4,27.0,93.3,4.706849315068493,-0.07649999856948853
2021-08-02,23.01171875,20.18485679070305,89.09299655568313,116.7,857.93458874,94.88,22.59,28.64,93.4,4.698630136986301,-0.2815000116825104
2021-08-03,23.01171875,20.34967991885355,89.10550458715596,116.45,770.72606646,94.555,22.55,28.025,93.45,4.694520547945205,-0.247749999165535
2021-08-04,23.73868075427202,20.51550659173135,93.35624284077892,117.615,852.85305357,95.535,22.07,29.11,93.5,4.691780821917808,-0.4945500046014786
2021-08-05,24.20360409864885,20.69385096558232,96.68192219679635,118.09,825.43789382,95.34,24.14,29.05,93.5,4.69041095890411,-0.474700003862381
2021-08-06,24.54296875,20.89163742391565,97.48571428571428,118.195,822.01392459,95.08,25.76,29.29,93.5,4.687671232876713,-0.5279499888420105
2021-08-09,24.23288714954742,21.05994720390056,96.57534246575342,118.685,785.51304498,96.39500000000001,24.6,29.65,93.5,4.67945205479452,-0.6899000108242035
2021-08-10,24.37758506934647,21.23308024787878,96.92132269099201,119.4,876.99089499,96.905,23.89,30.55,93.30000000000001,4.680821917808219,-0.779449999332428
2021-08-11,24.42396510838027,21.43647023065812,97.03872437357631,119.375,882.72487676,96.85,23.745,30.81,93.30000000000001,4.678082191780822,-0.8295000195503235
2021-08-12,24.30929925691001,21.62981300830308,96.3594994311718,119.53,868.83138455,96.625,23.77,31.615,93.30000000000001,4.675342465753425,-0.8061499893665314
2021-08-13,24.92578125,21.82826341520918,97.8409090909091,119.3,857.94353457,97.02,23.36,31.83,93.2,4.676712328767123,-0.84170001745224
2021-08-16,24.92578125,22.05165261197244,97.8433598183882,119.37,731.78627429,97.53,23.38,33.345,93.25,4.664383561643835,-0.8755500018596649
2021-08-17,24.14992039864071,22.25701274395015,94.7845804988662,118.455,769.41419282,95.005,24.35,30.265,93.25,4.661643835616439,-0.5722500085830688
2021-08-18,24.54296875,22.45160909811682,97.28199320498301,118.745,772.11161703,95.095,23.895,30.86,93.15,4.667123287671233,-0.6150999963283539
2021-08-19,24.54296875,22.63025493145015,97.28506787330316,118.22,756.90544008,94.97,24.365,30.225,93.25,4.664383561643835,-0.6042499840259552
2021-08-20,24.16015625,22.77773363413325,95.48022598870057,117.33,731.40286899,94.21,23.65,29.44,93.2,4.665753424657535,-0.4740000069141388
2021-08-23,24.17961503667456,22.91874684368907,95.5981941309255,118.865,751.80010673,95.87,23.125,33.495,93.15,4.66027397260274,-0.7168999910354614
2021-08-24,24.734375,23.07937043191999,97.40698985343855,119.68,708.21309665,97.6,22.64,33.62,93.1,4.66027397260274,-0.9003000259399414
2021-08-25,25.30859375,23.23250434697588,98.42342342342343,120.395,724.68110988,97.60499999999999,23.73,33.255,93.15,4.658904109589042,-0.989999979734421
2021-08-26,25.26341494986475,23.39509049956452,97.75028121484814,120.05,685.94080698,98.35,24.22,33.7,93.1,4.656164383561643,-1.047299981117249
2021-08-27,25.44447481621408,23.54728609081976,98.65168539325843,119.27,745.16040205,97.46,23.06,34.1,93.1,4.654794520547945,-0.9215999841690063
2021-08-30,26.45703125,23.74649751136851,99.32659932659934,119.9,754.85231601,96.82,23.19,34.38,93.1,4.646575342465754,-1.044299960136414
2021-08-31,27.22265625,23.95066417803518,99.77578475336323,120.13,756.92374089,98.37,22.915,34.305,93.0,4.643835616438356,-0.9512499868869781
2021-09-01,27.22265625,24.15483084470184,99.77603583426652,120.3,749.54724167,98.0,23.89,33.52,93.0,4.731506849315068,-1.122400045394897
2021-09-02,27.98828125,24.37464875573557,100.0,121.31,875.57981222,99.37,23.63,35.1,93.1,4.728767123287671,-1.2985999584198
2021-09-03,27.22265625,24.54803248241813,99.66480446927373,121.995,890.35750815,99.505,23.92,35.735,93.0,4.727397260273973,-1.233799993991851
2021-09-06,27.29568563566358,24.74187304527358,99.77678571428571,122.79,758.34873709,101.485,23.16,36.37,93.0,4.719178082191782,-1.489550054073334
2021-09-07,28.40721048584898,24.95841769042465,100.0,123.995,843.11707915,101.455,22.975,37.88,93.05,4.716438356164383,-1.694549977779388
2021-09-08,28.75390625,25.14374157131528,100.0,124.29,849.27561793,102.58,22.95,38.36,93.0,4.716438356164383,-1.837799966335297
2021-09-09,27.98828125,25.30725830033373,99.77753058954394,124.2,797.60292948,102.42,23.0,38.19,93.0,4.712328767123288,-1.805299997329712
2021-09-10,27.28112516703627,25.46233226423493,99.22222222222223,123.36,968.97579143,102.67,22.76,37.28,93.0,4.70958904109589,-1.71340000629425
2021-09-13,27.60546875,25.61545726423493,99.55604883462819,123.8,937.14446444,103.14,22.15,37.27,93.0,4.701369863013698,-1.807999968528748
2021-09-14,26.45703125,25.73030101423494,98.22616407982262,122.65,1055.53624873,101.83,23.05,36.58,93.0,4.698630136986301,-1.499699950218201
2021-09-15,26.45703125,25.82091269742586,98.2281284606866,121.995,1075.90560444,102.23,22.5,35.27,92.95,4.697260273972603,-1.416200041770935
2021-09-16,25.69140625,25.87050610247091,97.45575221238938,120.46,916.01624561,100.0,22.26,33.64,93.0,4.695890410958905,-1.070500016212463
2021-09-17,25.23885120303366,25.89370218423869,96.02209944751381,120.03,1009.99418079,99.91,21.15,33.46,92.9,4.701369863013698,-0.8373999893665314
2021-09-22,25.30859375,25.92955907092044,96.7991169977925,120.535,749.71234966,99.70500000000001,20.755,33.315,92.9,4.687671232876713,-1.017249971628189
2021-09-23,25.30859375,25.96059269360889,96.8026460859978,121.45,778.50104098,101.17,21.45,35.57,92.9,4.693150684931506,-1.282500028610229
2021-09-24,26.45703125,26.02836156499622,98.23788546255507,120.895,799.91930794,98.91999999999999,23.055,34.955,92.9,4.691780821917808,-1.229999959468842
2021-09-27,26.07421875,26.08719221476589,97.57975797579758,118.93,763.01514633,96.15,24.3,31.45,92.85,4.683561643835617,-0.568149983882904
2021-09-28,25.69140625,26.11271304809922,97.25274725274726,119.395,711.7390943,97.25,24.145,31.99,92.8,4.680821917808219,-0.8598499894142151
2021-09-29,24.92578125,26.11271304809922,95.38968166849617,117.04,730.40897878,95.0,25.13,29.78,92.8,4.67945205479452,-0.4271000027656555
2021-09-30,25.38597900051332,26.15391500149497,96.49122807017544,118.79,851.94606542,96.14500000000001,23.675,31.655,92.8,4.676712328767123,-0.7519499957561493
2021-10-08,25.69140625,26.19219625149497,97.26177437020812,119.545,572.59744433,98.5,23.25,32.98,92.95,4.654794520547945,-0.9850499927997589
2021-10-11,25.69140625,26.23047750149497,97.26477024070022,119.7,616.25398695,99.32,22.695,33.465,92.9,4.646575342465754,-0.9126499891281128
2021-10-12,24.54296875,26.24323791816164,94.31693989071039,117.96,662.7054438,97.15,22.48,31.79,92.8,4.643835616438356,-0.5921000242233276
2021-10-13,23.77734375,26.22982887527249,89.95633187772926,117.72,577.97507176,97.02,21.45,30.68,92.8,4.641095890410959,-0.3817999958992004
2021-10-14,23.77734375,26.19792783360582,89.96728462377317,117.64,617.51742648,96.92,21.44,31.93,92.7,4.638356164383562,-0.4941000044345856
2021-10-15,25.30859375,26.19792783360582,96.18736383442265,117.99,630.93876235,96.22,22.215,31.59,92.7,4.634246575342466,-0.5604000091552734
2021-10-18,25.30859375,26.19943379361033,96.19151251360174,118.01,597.06936759,96.83,22.9,31.95,92.6,4.627397260273972,-0.6256999969482422
2021-10-19,26.07421875,26.22042525806986,97.60869565217392,118.84,634.88310872,97.15,22.76,33.25,92.6,4.624657534246575,-0.8037999868392944
2021-10-20,26.07421875,26.20766484140319,97.61129207383279,118.89,670.30462078,96.41,23.55,32.46,92.6,4.621917808219179,-0.7659000158309937
2021-10-21,26.07421875,26.16938359140319,97.61388286334056,118.81,642.99476823,95.8,24.15,32.74,92.7,4.621917808219179,-0.808899998664856
2021-10-22,26.07421875,26.1311023414032,97.61646803900325,119.0,708.01112455,95.8,24.67,32.86,92.8,4.61917808219178,-0.7185999751091003
2021-10-25,26.07421875,26.06730025806986,97.61904761904762,119.32,770.34980377,95.57,24.55,33.47,92.9,4.610958904109589,-0.7962999939918518
2021-10-26,27.03125,26.06092004973653,98.70270270270271,119.9,834.54349556,95.64,25.74,33.22,93.0,4.608219178082192,-0.8709999918937683
2021-10-27,27.2137887352144,26.05819015305489,98.70410367170626,118.8,922.4776923,93.36,25.82,31.93,93.0,4.605479452054794,-0.6603000164031982
2021-10-28,26.83984375,26.00594459519325,98.27400215749729,118.27,946.64437757,90.04499999999999,28.59,32.14,93.1,4.602739726027397,-0.5404500067234039
2021-10-29,26.83984375,25.94214251185992,98.27586206896551,118.17,954.38337158,93.215,27.345,31.89,93.15,4.6,-0.6344499886035919
2021-11-01,27.96290602974493,25.94129667118476,99.56942949407966,119.6,902.73665637,93.845,25.655,33.345,93.25,4.591780821917808,-0.9323500096797943
2021-11-02,28.00454123879674,25.96541054024344,99.78494623655914,118.875,866.15160848,93.5,26.76,32.08,93.35,4.589041095890411,-0.894349992275238
2021-11-03,27.99970794465835,25.97855184673205,99.67776584317937,119.36,933.53666029,94.65,26.1,33.48,93.4,4.586301369863014,-1.070799946784973
2021-11-04,28.75390625,26.05511434673205,100.0,120.59,999.79604864,94.81,26.14,34.6,93.3,4.583561643835616,-1.248700022697449
2021-11-05,28.55037843045053,26.1248925860804,99.78563772775992,120.83,1083.24283336,93.8,26.88,34.13,93.5,4.580821917808219,-1.256700038909912
2021-11-08,28.59144663116279,26.22156059878582,99.78586723768737,121.265,954.89191918,94.315,27.035,34.905,93.5,4.572602739726028,-1.272650003433228
2021-11-09,29.51953125,26.3642499336847,100.0,121.82,985.81820068,94.91499999999999,26.955,36.16,93.5,4.56986301369863,-1.446900010108948
2021-11-10,29.51953125,26.50461451701803,100.0,122.175,1114.30045086,94.525,26.88,36.645,93.5,4.567123287671233,-1.43895000219345
2021-11-11,30.28515625,26.6704999336847,100.0,123.84,1120.17399807,95.125,26.79,37.55,93.45,4.564383561643836,-1.678950011730194
2021-11-12,30.70224658295525,26.81200711144988,100.0,124.28,1095.49589957,96.50999999999999,26.405,38.36,93.45,4.561643835616438,-1.793699979782104
2021-11-15,30.66796875,26.96513211144988,99.89350372736953,125.0,954.58467782,97.605,26.685,39.465,93.5,4.553424657534246,-1.953299999237061
2021-11-16,30.28515625,27.11825711144987,99.7872340425532,124.245,947.68636832,97.22,26.765,37.875,93.55,4.550684931506849,-1.687300026416779
2021-11-17,30.28515625,27.29690294478321,99.7874601487779,124.345,1086.93499602,97.56,25.74,38.125,93.6,4.547945205479452,-1.910449981689453
2021-11-18,30.66796875,27.4729692697661,99.89384288747345,124.42,1120.16319804,97.25,26.47,37.13,93.6,4.545205479452055,-1.913100004196167
2021-11-19,30.28556871508892,27.6261080186024,99.68186638388123,125.045,1097.64133314,98.31,25.98,38.62,93.6,4.547945205479452,-2.157100081443787
2021-11-22,31.81640625,27.83027468526906,100.0,125.46,946.41260583,98.035,26.04,39.09,93.65,4.53972602739726,-2.388399958610535
2021-11-23,31.81640625,28.07272260193573,100.0,125.665,905.34436184,99.58500000000001,26.085,40.675,93.65,4.543835616438356,-2.593000054359436
2021-11-24,32.19921875,28.3534517686024,100.0,126.1,967.90407832,99.47999999999999,26.19,41.22,93.65,4.543835616438356,-2.58964991569519
2021-11-25,32.19921875,28.63418093526906,100.0,126.235,822.46342106,99.16,26.565,41.375,93.65,4.54109589041096,-2.592849969863892
2021-11-26,31.81640625,28.8511080186024,99.78902953586498,126.2,991.41234205,99.39,26.62,42.4,93.7,4.53972602739726,-2.564800024032593
2021-11-29,32.31012744605488,29.08449247513756,100.0,126.33,930.91452429,99.195,26.985,41.795,93.8,4.536986301369863,-2.529299974441528
2021-11-30,32.58203125,29.30141955847089,100.0,127.35,952.16028234,99.72,26.54,42.14,93.8,4.53972602739726,-2.607599973678589
2021-12-01,33.34765625,29.54386747513756,100.0,128.0,870.49489655,101.37,25.67,43.51,93.8,4.536986301369863,-2.741600036621094
2021-12-02,34.49609375,29.82459664180423,100.0,126.95,823.8250835,100.665,27.245,43.325,93.85,4.536986301369863,-2.64329993724823
2021-12-03,34.11328125,30.09256539180423,99.89506820566632,127.535,884.07232767,100.655,27.065,43.28,93.9,4.534246575342466,-2.687099933624268
2021-12-06,32.7734375,30.31587268347089,99.68553459119497,125.995,755.95512988,99.13,27.63,40.89,93.9,4.528767123287671,-2.358999967575073
2021-12-07,29.90234375,30.41157580847089,98.1151832460733,122.94,824.92489217,99.17,25.355,37.94499999999999,93.9,4.526027397260274,-1.752149999141694
2021-12-08,30.59711068846606,30.52435320691262,98.5355648535565,124.3,712.30295245,100.1,24.82,39.695,93.9,4.523287671232877,-2.110299944877625
2021-12-09,31.48563171572991,30.67921280577028,98.85057471264368,126.0,683.03609261,99.39,25.88,40.16,93.8,4.52054794520548,-2.371599912643433
2021-12-10,32.58203125,30.87061905577028,99.58246346555325,126.73,662.76605311,99.86,26.52,40.38,93.9,4.536986301369863,-2.420500040054321
2021-12-13,32.62931691570849,31.0261660853024,99.58289885297185,127.0,633.96922185,100.85,26.29,40.14,94.0,4.528767123287671,-2.422600030899048
2021-12-14,31.81640625,31.1532282523425,98.95833333333334,127.0,583.10053645,100.0,26.21,40.18,94.1,4.526027397260274,-2.445600032806396
2021-12-15,32.19921875,31.29321194585389,99.16753381893861,126.645,528.15499045,99.86500000000001,26.24,39.42,94.2,4.513698630136986,-2.335150003433228
2021-12-16,32.19921875,31.40805569585389,99.16839916839916,127.4,529.0482012,100.81,25.39,40.29,94.3,4.501369863013698,-2.440500020980835
2021-12-17,32.58203125,31.54244412317221,99.48078920041536,127.37,483.26955877,100.43,26.73,39.98,94.3,4.517808219178082,-2.374799966812134
2021-12-20,32.58203125,31.67546361046679,99.48132780082987,126.0,455.90609195,99.17,27.15,39.32,94.4,4.50958904109589,-2.163399934768677
2021-12-21,32.20064889574678,31.76483419865834,98.96373056994818,127.1,511.70973616,100.95,26.13,40.25,94.4,4.506849315068493,-2.453299999237061
2021-12-22,32.30690331134802,31.85774660070328,98.9648033126294,127.82,520.05369177,101.695,25.85,40.835,94.4,4.504109589041096,-2.489449977874755
2021-12-23,32.96484375,31.94706951736994,99.68976215098242,127.67,612.28546819,101.16,26.85,40.88,94.45,4.501369863013698,-2.654549956321716
2021-12-24,33.30571013256385,32.03385163569023,99.69008264462809,127.59,576.79335619,100.16,27.76,40.29,94.5,4.498630136986302,-2.493599891662598
2021-12-27,32.96484375,32.11041413569023,99.58720330237358,127.38,541.47434275,100.0,27.33,41.2,94.5,4.49041095890411,-2.45989990234375
2021-12-28,32.77582651651781,32.19343647790749,99.38144329896907,128.05,481.58091821,100.85,26.04,40.42,94.5,4.487671232876712,-2.468800067901611
2021-12-29,33.02980257213532,32.28492468864534,99.58805355303811,127.56,445.90748958,100.89,26.2,40.45,94.6,4.484931506849315,-2.418299913406372
2021-12-30,32.96484375,32.36148718864533,99.48559670781893,127.91,469.62466763,101.96,25.59,41.25,94.6,4.495890410958904,-2.549599885940552
2021-12-31,34.11328125,32.4890776064757,99.8972250770812,128.615,544.82571658,102.335,26.135,42.9,94.6,4.495890410958904,-2.774200081825256
2022-01-04,34.11328125,32.5656401064757,99.89733059548254,130.22,551.70740346,104.11,25.51,44.76,94.7,4.487671232876712,-2.962699890136719
2022-01-05,34.11328125,32.64220260647571,99.8974358974359,130.07,559.81829431,103.14,26.48,43.29,94.7,4.484931506849315,-2.846199989318848
2022-01-06,34.87890625,32.73152552314237,100.0,130.8,581.41545143,103.55,25.81,44.21,94.7,4.482191780821918,-3.006999969482422
2022-01-07,35.64453125,32.84636927314237,100.0,130.08,510.04447194,102.385,26.82,43.365,94.7,4.47945205479452,-3.01104998588562
2022-01-10,34.87890625,32.9484526064757,99.89775051124744,130.72,534.89736926,103.965,26.375,44.645,94.8,4.471232876712329,-3.01925003528595
2022-01-11,34.49609375,33.02131814994054,99.69356486210418,130.09,528.27435836,104.39,26.16,43.83,94.8,4.468493150684932,-3.038000106811523
2022-01-12,34.49609375,33.08512023327388,99.6938775510204,131.0,593.92747491,104.76,25.88,44.49,94.8,4.465753424657534,-3.133399963378906
2022-01-13,34.49609375,33.12340148327387,99.69418960244649,130.0,621.07118131,103.7,26.12,43.95,94.8,4.463013698630137,-3.013700008392334
2022-01-14,32.96484375,33.07235981660721,98.57433808553971,129.1,956.46239273,103.115,25.655,42.95,94.9,4.461643835616439,-2.722649931907654
2022-01-17,33.34765625,33.04683898327388,98.88097660223805,130.62,657.37526858,105.48,25.01,44.29,94.9,4.454794520547945,-3.00410008430481
2022-01-18,34.11328125,33.09150044160721,99.28861788617887,129.6,722.25399306,102.22,25.85,43.67,94.9,4.452054794520548,-3.028300046920776
2022-01-19,34.49609375,33.24462544160721,99.69543147208122,130.79,691.43456784,102.8,26.325,43.02,94.95,4.454794520547946,-3.036049962043762
2022-01-20,35.26171875,33.40011237699168,99.89858012170384,130.08,745.55314412,100.37,27.86,42.67,95.0,4.457534246575342,-2.762500047683716
2022-01-21,35.26171875,33.52598194480068,99.89868287740629,129.07,603.1266908,98.88,29.14,41.56,95.0,4.465753424657534,-2.674100041389465
2022-01-24,36.02734375,33.64082569480068,100.0,128.95,613.87903429,99.01,30.09,41.36,95.1,4.463013698630137,-2.7014000415802
2022-01-25,35.64453125,33.74133283927706,99.89888776541962,127.3,697.43032579,94.37,33.21,38.96,95.1,4.46027397260274,-2.232100009918213
2022-01-26,35.64453125,33.86893700594373,99.8989898989899,127.44,759.66238609,94.65,32.62,39.4,95.2,4.457534246575342,-2.378299951553345
2022-01-27,36.25288344509536,34.00405916244691,100.0,126.215,680.71278553,92.11,34.59,37.755,95.2,4.456164383561644,-2.050650000572205
2022-01-28,35.64453125,34.11890291244691,99.79838709677419,126.26,596.81134374,93.68,32.95,38.05,95.2,4.454794520547945,-2.203500032424927
2022-02-07,36.79296875,34.25926749578024,100.0,127.42,458.04724422,95.44,32.59,38.9,95.4,4.427397260273972,-2.452300071716309
2022-02-08,36.41015625,34.3868716624469,99.89939637826963,128.3,595.83911425,97.12,31.51,38.95,95.4,4.424657534246576,-2.452500104904175
2022-02-09,37.17578125,34.55270940758867,100.0,129.54,693.58123818,98.03,31.79,40.98,95.4,4.421917808219178,-2.793100118637085
2022-02-10,37.17578125,34.71500533887708,100.0,129.32,626.54226649,98.28,32.13,41.43,95.4,4.419178082191781,-2.876300096511841
2022-02-11,37.17578125,34.85536992221041,100.0,128.61,549.5469147,96.07,33.24,39.46,95.1,4.416438356164384,-2.569700002670288
2022-02-14,32.19921875,34.81848687612494,95.69138276553106,124.85,574.96480215,96.2,28.97,35.01,95.1,4.408219178082192,-1.782699942588806
2022-02-15,28.75390625,34.67812229279161,93.5935935935936,122.36,622.34290906,96.075,26.185,32.87,95.05,4.408219178082192,-1.298500001430511
2022-02-16,29.13671875,34.55681870057435,93.60000000000001,123.57,522.86212527,97.44999999999999,25.84,34.47,94.95,4.405479452054795,-1.491349995136261
2022-02-17,29.51953125,34.43980965650317,93.8061938061938,123.6,616.04162794,97.62,25.58,34.06,95.0,4.405479452054795,-1.528499960899353
2022-02-18,30.28515625,34.35048673983651,94.2115768463074,124.945,585.59792819,98.22,25.93,36.28,95.0,4.402739726027397,-1.736349999904633
2022-02-21,30.66796875,34.23564298983651,94.61615154536392,125.22,739.78273832,99.4,25.895,36.875,95.0,4.394520547945206,-1.98344999551773
2022-02-22,30.09375,34.10165861483651,93.72509960159363,124.75,1133.91488159,98.16,26.51,36.71,95.0,4.391780821917808,-1.904299974441528
2022-02-23,31.1541522656137,34.00302098202364,94.72636815920397,126.35,994.22904498,99.345,26.42,39.145,94.85,4.391780821917808,-2.189199924468994
2022-02-24,31.81640625,33.9009376486903,95.2286282306163,125.58,1171.90396802,96.79,27.89,37.46,94.8,4.391780821917808,-2.054899930953979
2022-02-25,33.34765625,33.8243751486903,97.51737835153924,126.1,1061.575284,97.0,28.42,37.68,94.9,4.389041095890411,-2.142899990081787
2022-02-28,34.11328125,33.79885431535697,98.01587301587301,126.29,884.72904249,97.1,28.4,38.33,94.9,4.38082191780822,-2.196199893951416
2022-03-01,34.11328125,33.7860938986903,98.01783944499505,127.23,1078.41538394,98.405,28.02,39.955,94.8,4.382191780821918,-2.324349999427795
2022-03-02,33.34765625,33.7478126486903,97.32673267326733,126.76,1011.79283861,97.96,28.0,38.92,94.8,4.383561643835616,-2.302299976348877
2022-03-03,31.81640625,33.65848973202363,94.85657764589516,125.7,952.92068587,97.49,26.68,37.63,94.5,4.38082191780822,-2.069900035858154
2022-03-04,30.09375,33.56278660702363,93.08300395256917,124.145,972.37375349,96.505,26.745,35.395,94.4,4.37945205479452,-1.681349992752075
2022-03-07,27.22265625,33.35861994035697,90.81934846989141,120.565,849.30639688,95.265,25.55,31.67,94.35,4.371232876712329,-1.085949957370758
2022-03-08,25.30859375,33.06513035702363,87.27810650887574,117.9,1068.74227063,92.86,26.53,28.435,94.4,4.368493150684932,-0.5842500030994415
2022-03-09,25.38720102568233,32.76150059954638,87.38916256157636,116.02,1027.35042964,91.1,27.12,27.21,94.2,4.367123287671233,-0.2675999999046326
2022-03-10,26.83984375,32.48077143287971,90.05905511811024,118.99,975.22321319,93.25999999999999,27.545,30.23,94.25,4.364383561643836,-0.8680000007152557
2022-03-11,26.45703125,32.18728184954638,89.5771878072763,118.465,897.085223,94.035,26.525,30.41,94.35,4.361643835616438,-0.8313499987125397
2022-03-14,27.32899511290593,31.89733689497658,91.15913555992141,118.125,768.45154717,91.455,30.145,29.135,94.6,4.353424657534246,-0.7185499966144562
2022-03-15,27.92463041378248,31.64000686710266,91.36408243375858,115.61,878.47419289,87.17,34.01,26.81,94.6,4.35068493150685,-0.2533999979496002
2022-03-16,28.75390625,31.41031936710266,92.45098039215686,118.02,1035.41983907,89.06,32.79,28.93,94.4,4.347945205479452,-0.5503000020980835
2022-03-17,29.7109375,31.19225450226615,92.85014691478942,119.63,1105.81300066,90.16,32.5,30.45,94.5,4.345205479452055,-0.9667999744415283
2022-03-18,30.28515625,31.01360866893281,93.54207436399217,120.85,905.59262976,91.91,32.73,31.51,94.5,4.342465753424658,-1.131899952888489
2022-03-21,29.90234375,30.78392116893281,92.86412512218963,120.88,914.40893646,91.97,31.47,31.79,94.7,4.334246575342465,-1.195000052452087
2022-03-22,29.90234375,30.56699408559948,92.87109375,120.88,798.92157674,92.24,31.24,32.44,94.6,4.334246575342465,-1.200500011444092
2022-03-23,29.51953125,30.31178575226615,92.48780487804879,121.0,893.98329864,92.06,30.7,31.73,94.6,4.334246575342465,-1.166499972343445
2022-03-24,28.1774074622022,30.01183995933955,91.32553606237816,118.945,773.88981904,91.24000000000001,30.985,30.09,94.6,4.332876712328767,-0.8251999914646149
2022-03-25,27.16014519509692,29.67798542417612,89.5813047711782,118.035,829.29757518,90.83000000000001,30.06,28.775,94.6,4.33013698630137,-0.5541000068187714
2022-03-28,25.44352586245654,29.452795661258,86.57587548638132,117.71,656.634222,90.55,28.565,27.855,94.7,4.321917808219178,-0.3466999977827072
2022-03-29,25.30859375,29.337951911258,86.10301263362487,116.78,761.52682218,89.63,29.27,27.48,94.6,4.319178082191781,-0.2406500056385993
2022-03-30,26.87396253075864,29.26252670394996,89.32038834951457,118.16,736.75602891,91.22,28.82,29.63,94.7,4.317808219178082,-0.6280999779701233
2022-03-31,26.83984375,29.17320378728329,89.13676042677012,118.53,796.5334171,91.44,29.155,28.995,94.75,4.319178082191781,-0.6455999910831451
2022-04-01,27.98828125,29.09664128728329,91.08527131782945,119.425,784.59777241,92.035,30.495,29.92,94.8,4.316438356164383,-0.7259499728679657
2022-04-06,28.75390625,29.03283920394996,92.0619554695063,120.005,723.24310961,92.06,30.53,30.305,94.9,4.306849315068494,-0.8746500015258789
2022-04-07,27.98828125,28.96265691228329,91.00580270793037,119.29,743.79394696,90.63499999999999,32.03,28.44,95.05,4.304109589041095,-0.71424999833107
2022-04-08,28.37109375,28.86988829509617,91.30434782608695,119.2,750.6496309,89.855,31.96,28.035,95.1,4.302739726027397,-0.6900500059127808
2022-04-11,27.81645994005803,28.73655675143144,90.34749034749035,117.37,691.79148195,87.32,33.74,26.93,95.1,4.295890410958904,-0.3058000057935715
2022-04-12,27.60546875,28.54515050143144,90.26036644165863,117.42,726.79021886,88.85,32.2,26.78,95.1,4.293150684931507,-0.3136000037193298
2022-04-13,27.60546875,28.3282234180981,90.26974951830444,116.825,703.38379333,86.79499999999999,34.735,26.16,95.05,4.29041095890411,-0.2615499943494797
2022-04-14,27.67693423125606,28.11367851747331,90.279114533205,117.4,772.19232751,87.42,35.47,26.24,95.2,4.287671232876712,-0.4065000116825104
2022-04-15,28.37109375,27.94779310080664,91.34615384615384,116.535,972.25829228,85.815,36.565,25.65,95.2,4.284931506849315,-0.3130000084638596
2022-04-18,29.13671875,27.85847018413997,92.21902017291066,116.955,914.40052288,86.355,36.155,26.325,95.15,4.276712328767124,-0.3706000000238419
2022-04-19,28.77206454669098,27.814414002363,92.03454894433781,117.905,1222.02224656,86.785,37.315,26.515,95.1,4.276712328767124,-0.6225999891757965
2022-04-20,29.13671875,27.87821608569634,92.23394055608821,117.47,1397.84416506,86.3,38.81,26.14,95.1,4.276712328767124,-0.4627000093460083
2022-04-21,29.51953125,28.01858066902967,92.62452107279694,116.01,1265.3553777,83.28999999999999,42.13,25.445,95.0,4.273972602739726,-0.1048500016331673
2022-04-22,29.42184310872683,28.15306873846449,92.15311004784688,115.915,1065.83759665,82.30000000000001,42.545,25.205,94.95,4.272602739726027,-0.1626000031828881
2022-04-25,29.04830743368007,28.22668419458716,91.77820267686424,112.52,992.80283701,76.16,50.36,21.55,94.9,4.265753424657534,0.6992999911308289
2022-04-26,30.1305633094026,28.34913526323391,93.21872015281757,111.465,1217.55846075,74.545,52.4,20.205,94.95,4.280821917808219,0.7756499946117401
2022-04-27,30.57926298176774,28.4574775255293,93.79770992366412,112.5,1318.73140368,76.89,49.71,22.08,95.0,4.295890410958904,0.433899998664856
2022-04-28,31.15712512879229,28.56522734936296,94.37559580552907,112.22,1313.02576556,75.28,51.71,22.0,95.0,4.293150684931507,0.5662999749183655
2022-04-29,31.83385223034026,28.66789221537431,95.04761904761905,114.82,1440.79697892,77.77,49.23,24.37,95.0,4.29041095890411,0.09449999779462814
2022-05-05,32.96484375,28.77635575704097,96.86013320647004,116.12,1100.30785123,78.34,47.56,25.24,95.2,4.273972602739726,-0.1635999977588654
2022-05-06,31.81640625,28.82739742370764,94.86692015209125,115.77,1394.77739855,78.49,49.37,24.48,95.2,4.271232876712329,-0.02779999934136868
2022-05-09,32.19921875,28.90395992370764,95.44159544159544,116.47,1263.62455189,79.72,47.94,24.86,95.3,4.263013698630137,-0.184799998998642
2022-05-10,31.17898140846779,28.94651451232323,94.02277039848197,116.515,1565.69121271,81.065,46.2,25.395,95.3,4.267123287671232,-0.2337000072002411
2022-05-11,32.57714842980233,29.04843508498331,95.73459715639811,117.15,1864.34720177,81.505,46.365,26.445,95.4,4.264383561643836,-0.521399974822998
2022-05-12,32.47706870061458,29.19175712626372,95.64393939393939,116.9,1708.68379159,82.87,45.31,26.27,95.4,4.268493150684932,-0.5824999809265137
2022-05-13,32.96484375,29.38524707809382,96.87795648060549,118.05,1624.05352544,83.45,46.18,27.53,95.5,4.265753424657534,-0.7294000089168549
2022-05-16,33.20669274369802,29.64401930746854,96.97542533081285,118.56,1554.43941383,82.875,46.645,27.27,95.65,4.258904109589041,-0.8398500084877014
2022-05-17,33.5218679247556,29.91779511329373,97.45042492917847,118.895,1761.89191907,82.625,46.95,27.625,95.65,4.258904109589041,-0.8203999996185303
2022-05-18,33.34765625,30.13358490393511,97.35849056603773,119.21,1674.70614271,84.12,46.27500000000001,27.475,95.7,4.257534246575343,-0.9406000077724457
2022-05-19,32.96484375,30.33775157060177,96.60697455230914,119.295,1622.53680089,83.95,45.815,27.645,95.8,4.254794520547945,-0.9628999829292297
2022-05-20,32.96484375,30.50363698726844,96.61016949152543,119.7,1535.00121318,85.43,44.45,28.43,95.7,4.252054794520548,-1.070199966430664
2022-05-23,33.07592759126768,30.64770436531069,96.7074317968015,120.195,1270.55282431,85.745,42.94,29.31,95.75,4.245205479452055,-1.130599975585938
2022-05-24,32.56402926636756,30.80022929918961,95.0187969924812,117.815,1259.78027417,82.13499999999999,46.375,26.575,95.75,4.242465753424657,-0.5949999988079071
2022-05-25,32.40688848959222,30.93475579050935,94.83568075117371,118.545,1199.75900559,83.455,45.05,26.53,95.75,4.239726027397261,-0.7929999828338623
2022-05-26,32.58203125,31.09360816750742,95.49718574108817,118.47,1158.6157255,84.31,44.04,27.26,95.9,4.238356164383561,-0.8138999938964844
2022-05-27,32.87539454773687,31.26927236076532,95.78256794751641,119.2,999.7203141,84.44,44.49,27.64,95.9,4.235616438356164,-0.8453999757766724
2022-05-30,32.21982095668089,31.42308410098801,94.3820224719101,119.68,919.07537966,85.15,43.08,27.83,95.8,4.235616438356164,-0.9025000035762787
2022-05-31,32.19921875,31.57382691827947,94.200187090739,119.7,977.43570091,86.29,41.78,28.72,95.7,4.232876712328768,-0.9692999720573425
2022-06-01,32.19921875,31.70143108494614,94.2056074766355,119.73,1241.61270981,87.27,40.91,28.52,95.7,4.230136986301369,-1.069300055503845
2022-06-02,31.82225621179616,31.79094900033935,93.37068160597572,120.25,1578.99612835,87.61,39.53,28.37,95.6,4.227397260273973,-1.039600014686584
2022-06-06,32.19921875,31.90518747378298,94.21641791044776,120.98,1559.76174671,88.4,38.98,29.51,95.6,4.216438356164383,-1.230200052261353
2022-06-07,31.87758757708185,31.99654976801905,93.38303821062442,121.13,1621.34625897,87.89,40.18,30.1,95.5,4.213698630136986,-1.363199949264526
2022-06-08,32.19921875,32.08587268468571,94.22718808193669,121.285,2079.86293228,88.125,39.545,30.4,95.5,4.210958904109589,-1.299149990081788
2022-06-09,31.81640625,32.16569145606148,93.02325581395348,120.84,1839.13117354,86.66,41.075,29.085,95.6,4.208219178082192,-1.232249975204468
2022-06-10,32.58203125,32.28348224993881,95.4460966542751,121.72,1699.59347925,87.6,39.45,30.52,95.5,4.205479452054794,-1.351500034332275
2022-06-13,32.19921875,32.35243743129206,94.15041782729804,122.21,1495.09676681,88.49,39.24,30.88,95.5,4.2,-1.360900044441223
2022-06-14,31.43359375,32.38091512356647,92.02226345083488,121.9,1582.90809911,88.55,38.18,31.01,95.5,4.197260273972603,-1.371099948883057
2022-06-15,32.19921875,32.41565157760672,94.16126042632067,122.91,1621.21281036,88.76,39.07,31.3,95.6,4.194520547945205,-1.532600045204163
2022-06-16,32.96484375,32.45335129492872,96.57407407407408,123.78,1821.34614909,89.07,38.61,32.49,95.6,4.191780821917808,-1.702100038528442
2022-06-17,33.34765625,32.46611171159539,97.40980573543015,124.15,1745.94919176,89.48,38.94,33.29,95.7,4.189041095890411,-1.821499943733215
2022-06-20,32.19921875,32.47887212826205,93.99260628465804,123.06,1243.63725809,90.0,35.76,32.46,95.8,4.180821917808219,-1.621299982070923
2022-06-21,31.43359375,32.45335129492872,91.68975069252078,122.925,1324.08784774,90.475,35.98999999999999,32.14,95.65,4.186301369863013,-1.583600044250488
2022-06-22,31.81640625,32.47459878964646,92.52767527675276,122.545,1572.048522,89.025,38.055,32.255,95.65,4.183561643835617,-1.476549983024597
2022-06-23,31.81640625,32.44924071698638,92.53456221198157,123.85,1647.1483559,90.99000000000001,36.065,34.085,95.7,4.180821917808219,-1.696799993515015
2022-06-24,32.96484375,32.46549988529923,96.50092081031308,124.58,1645.65275556,91.56,35.755,34.755,95.7,4.178082191780822,-1.883800029754639
2022-06-27,33.34765625,32.4782603019659,97.42410303587856,125.815,1577.25791852,91.765,36.42,35.38,95.7,4.16986301369863,-2.180049896240234
2022-06-28,33.66988571051323,32.4937000675264,97.51838235294117,126.85,1724.85140634,93.26,35.36,36.38,95.6,4.175342465753425,-2.33299994468689
2022-06-29,33.73046875,32.50065342836788,97.52066115702479,125.0,1610.86936779,91.405,37.03,33.8,95.55,4.173972602739726,-1.971049964427948
2022-06-30,34.11328125,32.52617426170121,98.1651376146789,125.59,1510.76525536,91.75999999999999,36.86,34.675,95.5,4.171232876712328,-1.998799979686737
2022-07-01,34.87890625,32.58997634503455,98.80843263061412,125.6,1276.5603665,91.02,37.2,34.88,95.6,4.16986301369863,-2.15939998626709
2022-07-04,35.26171875,32.66653884503454,98.992673992674,126.12,1244.86081158,92.22,36.63,36.25,95.6,4.161643835616438,-2.074899911880493
2022-07-05,34.49609375,32.71387771699229,98.44464775846295,125.27,1259.7010543,91.87,36.57,35.435,95.45,4.163013698630138,-2.004450082778931
2022-07-06,33.73046875,32.75275903311338,97.16636197440585,124.35,1205.28861782,90.72,36.59,34.38500000000001,95.45,4.16027397260274,-1.90090000629425
2022-07-07,34.86554290814528,32.83471418039848,98.44748858447488,124.96,1285.88768848,91.17,37.19,34.42,95.4,4.161643835616438,-2.030600070953369
2022-07-08,34.49609375,32.89851626373181,98.35766423357664,124.95,1078.55612982,90.98,37.64,35.54,95.4,4.167123287671233,-2.075000047683716
2022-07-11,33.73046875,32.92701873714058,96.99179580674567,123.7,950.77639147,90.09,36.71,33.65,95.5,4.158904109589042,-1.822100043296814
2022-07-12,33.34765625,32.96461324691789,96.53916211293262,122.51,912.62889704,88.89,37.53,31.62,95.6,4.156164383561643,-1.512899994850159
2022-07-13,33.16819059121412,32.99691230829169,95.63239308462238,123.0,945.36652669,90.53,35.65,32.44,95.6,4.153424657534247,-1.65939998626709
2022-07-14,33.5558002924962,33.04213169304156,96.63636363636363,123.87,1012.98310036,90.94,36.55,32.84,95.8,4.150684931506849,-1.788800001144409
2022-07-15,34.87890625,33.14402002764835,98.72842870118075,123.6,967.61896188,89.305,38.93,32.565,95.75,4.158904109589042,-1.806250035762787
2022-07-18,34.87890625,33.23334294431502,98.72958257713249,124.94,1035.00254983,91.44,36.23999999999999,34.05,95.85,4.150684931506849,-2.093799948692322
2022-07-19,35.453125,33.35252752507896,99.00271985494106,125.41,1177.267728,91.82,35.82,34.51,95.9,4.158904109589042,-2.205100059509277
2022-07-20,35.64453125,33.46737127507896,99.36594202898551,126.09,1150.56798528,92.73,35.69,35.67,95.9,4.161643835616438,-2.354199886322021
2022-07-21,35.64453125,33.59497544174562,99.36651583710407,126.21,1247.9943685,93.88,35.69,35.185,95.9,4.195890410958904,-2.253399968147278
2022-07-22,35.26389680705446,33.68437096031411,98.73417721518987,125.945,1093.42710632,92.35499999999999,35.66,34.87,96.0,4.193150684931506,-2.287199974060059
2022-07-25,35.26171875,33.78645429364745,98.6449864498645,125.19,1029.59226793,91.27,36.33,33.94,96.1,4.208219178082192,-2.065799951553345
2022-07-26,35.6110780087612,33.92570376893948,98.82671480144406,126.08,1129.54425459,91.79,36.27,34.51,96.2,4.205479452054794,-2.263200044631958
2022-07-27,36.02734375,34.05330793560615,99.45897204688909,127.02,1116.64569784,93.09,35.815,35.935,96.3,4.208219178082192,-2.406300067901611
2022-07-28,36.02734375,34.15539126893949,99.45945945945947,127.8,1186.1809907,93.99,35.58,36.9,96.2,4.216438356164383,-2.56850004196167
2022-07-29,36.47932242601316,34.25978014147326,99.63996399639964,127.35,1176.49677892,93.86,36.22,36.4,96.3,4.213698630136986,-2.520100116729736
2022-08-01,36.58996065633287,34.40613820501768,99.64028776978418,127.915,1003.98402143,95.19,36.1,36.79,96.35,4.202739726027398,-2.655250072479248
2022-08-02,37.17578125,34.59754445501768,100.0,126.495,1038.83353468,91.46,40.05,35.41,96.4,4.204109589041096,-2.306100010871887
2022-08-03,37.26575366835725,34.77918936896292,100.0,127.05,1065.83971483,90.57,39.72,35.06,96.5,4.202739726027398,-2.196199893951416
2022-08-04,37.55859375,34.97059561896292,100.0,127.75,979.51697558,92.07,39.08,35.49,96.6,4.2,-2.37089991569519
2022-08-05,37.55859375,35.12372061896293,100.0,128.1,867.90976968,93.01,38.61,35.6,96.6,4.197260273972603,-2.470900058746338
2022-08-08,37.55859375,35.26408520229626,100.0,128.44,908.95270917,94.25,37.65,35.96,96.6,4.189041095890411,-2.532299995422363
2022-08-09,38.09318173236051,35.4115284030245,100.0,128.85,934.88877604,94.19,37.65,36.47,96.5,4.186301369863013,-2.63129997253418
2022-08-10,37.75,35.5455127780245,99.91063449508489,128.6,863.57399698,94.88,37.1,36.05,96.5,4.183561643835617,-2.640000104904175
2022-08-11,37.99286862302341,35.67483235712528,99.91071428571429,129.96,764.75853507,95.39,37.2,37.29,96.4,4.191780821917808,-2.894099950790405
2022-08-12,38.8984375,35.80881673212528,100.0,130.165,688.11972475,94.625,36.985,37.675,96.3,4.191780821917808,-2.940150022506714
2022-08-15,39.6640625,35.95556152379195,100.0,130.29,659.22668338,95.49,37.05,38.54,96.5,4.183561643835617,-2.941400051116943
2022-08-16,39.34935255524861,36.11733681730024,99.91095280498664,131.09,733.24729243,95.875,37.16,39.13500000000001,96.65,4.180821917808219,-3.132700085639954
2022-08-17,39.6640625,36.31512327563357,100.0,131.3,699.92238461,95.63,37.23,40.11,96.6,4.178082191780822,-3.19950008392334
2022-08-18,37.81300824297902,36.41337212012802,99.46666666666667,129.88,697.42979869,95.28,36.03,38.25,96.7,4.178082191780822,-2.874799966812134
2022-08-19,36.41015625,36.47717420346136,98.3126110124334,127.905,677.91202681,93.91,36.425,36.545,96.8,4.173972602739726,-2.610199928283691
2022-08-22,37.17578125,36.59201795346136,98.9352262644188,128.28,597.67260421,94.2,35.89,36.57,96.8,4.164383561643835,-2.557199954986572
2022-08-23,37.17578125,36.71962212012803,98.93617021276596,129.04,614.97543802,95.255,35.915,36.88,96.8,4.163013698630136,-2.624400019645691
2022-08-24,36.02734375,36.81492722542089,97.8742249778565,126.16,608.34789537,92.28,38.13,34.06,96.8,4.158904109589042,-2.168100118637085
2022-08-25,35.26171875,36.87179117400434,96.72566371681415,124.88,627.96952105,91.42,37.045,33.005,96.75,4.157534246575343,-1.889750003814697
2022-08-26,35.0703125,36.87817138233768,96.28647214854111,124.64,566.68082543,91.94,36.38,33.03,96.7,4.156164383561643,-1.869400024414062
2022-08-29,34.43875041069192,36.86349952102741,95.0530035335689,124.22,549.49162689,91.965,35.575,32.57,96.7,4.158904109589042,-1.843450009822845
2022-08-30,34.11328125,36.81883806269408,94.96910856134157,124.02,563.96291825,91.61500000000001,35.31,32.51,96.75,4.156164383561643,-1.864300012588501
2022-08-31,33.15625,36.73589535436074,92.68077601410934,122.27,554.28678432,89.03,36.88,30.03,96.8,4.164383561643835,-1.356899976730347
2022-09-01,33.34765625,36.65933285436074,93.65638766519824,122.26,479.55289932,88.65,37.63,29.47,96.7,4.16986301369863,-1.291900038719177
2022-09-02,33.67714535934352,36.60644113943705,93.92605633802818,123.35,510.54290987,89.86,37.32,30.31,96.8,4.167123287671233,-1.418900012969971
2022-09-05,34.49609375,36.58092030610371,95.69041336851363,124.29,446.23380483,90.64,37.33,30.94,96.8,4.158904109589042,-1.732399940490723
2022-09-06,35.64453125,36.582035414145,97.53954305799648,125.39,548.10552073,92.13,36.69,32.14,96.8,4.156164383561643,-1.884600043296814
2022-09-07,35.64453125,36.56927499747834,97.54170324846356,125.28,560.7058563,92.72,36.99,33.05,96.8,4.153424657534247,-1.944700002670288
2022-09-08,35.01296672847096,36.53546243009404,96.05263157894737,124.43,531.6965695,91.85499999999999,37.01000000000001,32.285,96.85,4.150684931506849,-1.754450023174286
2022-09-09,35.10126954812394,36.4895273341644,96.14373356704645,124.705,456.31356553,91.5,37.55,31.785,96.9,4.147945205479452,-1.695500016212463
2022-09-13,35.19515505124242,36.44303381399472,96.14711033274956,124.765,483.91644692,91.235,37.08,31.97,96.95,4.136986301369863,-1.737600028514862
2022-09-14,34.87890625,36.36647131399472,95.8005249343832,124.05,463.35879224,90.27,37.93,30.85,96.9,4.134246575342466,-1.605299949645996
2022-09-15,34.6875,36.28052952504947,95.1923076923077,123.09,506.1592559,88.43,38.83,29.405,97.0,4.132876712328767,-1.378899991512299
2022-09-16,34.11328125,36.16568577504948,94.32314410480349,120.81,448.21178889,86.27,41.37,28.55,97.0,4.13013698630137,-1.139699995517731
2022-09-19,34.11328125,36.05084202504948,94.3280977312391,120.0,435.03628374,85.25,41.94,27.46,96.9,4.123287671232877,-1.059800028800964
2022-09-20,34.11328125,35.93599827504947,94.33304272013949,120.525,495.52821528,85.88499999999999,40.86499999999999,28.225,97.0,4.121917808219179,-1.174600005149842
2022-09-21,34.11328125,35.80333492563746,94.33797909407666,121.09,469.73248358,87.02,40.28,28.76,97.0,4.120547945205479,-1.207299947738647
2022-09-22,34.11328125,35.68211096730413,94.34290687554395,121.11,435.20737094,86.55,41.76,29.04,97.0,4.117808219178082,-1.217300057411194
2022-09-23,33.73046875,35.54003097153668,93.13043478260869,120.25,483.05319837,85.14,43.28,27.64,97.0,4.115068493150685,-0.9588000178337097
2022-09-26,33.5390625,35.36138513820335,92.52823631624673,119.08,431.68455683,82.905,44.965,26.525,97.0,4.106849315068493,-0.7709000110626221
2022-09-27,33.57783135392868,35.15851076666764,92.62152777777779,119.67,443.5104375,84.43,42.99,27.22,97.0,4.104109589041096,-0.9496999979019165
2022-09-28,33.15625,34.95207401482602,91.24024284475281,118.5,370.88641838,82.35,45.21,26.23,96.9,4.101369863013699,-0.6988999843597412
2022-09-29,33.34765625,34.74152713982601,92.28769497400347,117.985,421.89731863,81.375,45.0,25.51,96.9,4.097260273972603,-0.586650013923645
2022-09-30,33.5604131265511,34.59977396927842,92.55411255411255,117.635,362.59020291,80.5,46.11,24.85,96.9,4.094520547945205,-0.5284999907016754
2022-10-10,32.67116994789343,34.47514109254153,89.61937716262976,116.98,359.01321656,79.35499999999999,46.95,24.21,97.05,4.067123287671233,-0.4019500017166138
2022-10-11,33.34765625,34.34753692587487,92.22126188418324,117.39,463.67755971,79.41,47.04,24.47,97.1,4.065753424657534,-0.451200008392334
2022-10-12,33.34765625,34.2199327592082,92.2279792746114,119.045,531.11349592,81.61000000000001,46.095,25.86,97.1,4.063013698630137,-0.6682500243186951
2022-10-13,34.87890625,34.1816515092082,95.85849870578085,120.1,551.80375624,82.15,44.7,27.09,97.1,4.06027397260274,-0.9994999766349792
2022-10-14,36.02734375,34.20717234254153,97.93103448275862,121.28,651.33651441,84.22,43.5,28.72,97.2,4.057534246575343,-1.296900033950806
2022-10-17,36.41015625,34.25183380087487,98.19121447028424,121.84,569.94720508,86.22,42.135,28.87,97.2,4.050684931506849,-1.441999971866608
2022-10-18,36.02734375,34.30478691218514,97.84853700516352,121.63,593.14451815,86.45,41.955,28.62,97.3,4.047945205479452,-1.350000023841858
2022-10-19,35.70513872786744,34.35784882811404,97.33447979363714,121.41,572.71288219,85.81,42.53,28.395,97.3,4.045205479452054,-1.291499972343444
2022-10-20,35.26171875,34.42803111978071,96.30584192439862,121.1,627.19884769,85.71,42.15,28.27,97.3,4.043835616438356,-1.210899949073792
2022-10-21,34.49609375,34.46631236978071,94.67811158798283,121.085,523.26026535,85.95500000000001,41.605,28.08,97.3,4.046575342465753,-1.210399985313416
2022-10-24,34.11328125,34.4808502328026,93.82504288164665,119.495,506.87199844,84.55,43.105,26.42,97.4,4.054794520547945,-0.9498499929904938
2022-10-25,32.44201863846121,34.41238106241797,87.91773778920309,118.925,513.84412986,84.86,42.14,25.955,97.4,4.065753424657534,-0.803600013256073
2022-10-26,33.29500727288751,34.33406359651422,90.49657534246576,120.075,523.41039061,86.41,39.89,26.85,97.4,4.063013698630137,-0.9974500238895416
2022-10-27,33.48364900132241,34.26203418822497,91.61676646706587,120.04,584.69547558,86.12,40.86,26.96,97.4,4.064383561643835,-1.016700029373169
2022-10-28,33.2789193211143,34.20423260797975,90.34188034188034,118.44,536.5085603,82.89500000000001,44.3,25.61,97.45,4.063013698630137,-0.7053000032901764
2022-10-31,32.19921875,34.10749758137562,87.19043552519214,118.27,576.94113074,83.67,42.84,25.22,97.5,4.058904109589041,-0.5511999726295471
2022-11-01,32.74042533524728,34.02567325750911,88.6518771331058,119.13,640.05685151,86.075,40.355,26.505,97.5,4.06027397260274,-0.8274500072002411
2022-11-02,34.11328125,34.00015242417578,93.86189258312021,120.57,694.70369471,87.45,40.29,27.37,97.4,4.06027397260274,-1.171849966049194
2022-11-03,33.75754915457624,33.96915406266165,92.50425894378195,120.975,590.50999927,87.42,39.93,27.79,97.3,4.061643835616438,-1.182100057601929
2022-11-04,34.87890625,33.99467489599498,95.48936170212767,122.75,775.54281226,88.55,39.28,29.01,97.2,4.068493150684931,-1.521000027656555
2022-11-07,34.87890625,34.02019572932832,95.49319727891157,123.02,632.37654389,88.87,38.395,29.52,97.1,4.068493150684931,-1.513899981975555
2022-11-08,34.11328125,34.02019572932832,93.71282922684792,122.01,635.41868938,88.74,38.635,29.21,97.05,4.065753424657534,-1.4617999792099
2022-11-09,33.73046875,34.00743531266166,92.19015280135824,122.5,589.33723208,89.045,38.07,29.105,96.95,4.076712328767123,-1.347800016403198
2022-11-10,33.34765625,33.98191447932832,91.0941475826972,122.25,602.14141646,88.46000000000001,38.67,29.0,96.9,4.073972602739726,-1.329450011253357
2022-11-11,34.87890625,34.02019572932832,95.50847457627118,123.2,822.53091789,88.78999999999999,39.18,30.355,96.8,4.071232876712329,-1.5626500248909
2022-11-14,34.11328125,34.03933635432832,93.64944961896697,122.26,667.90076518,88.645,38.69499999999999,30.82,96.15,4.063013698630137,-1.48989999294281
2022-11-15,33.73046875,34.04442426753069,92.04737732656514,123.11,786.12878582,90.455,35.83499999999999,31.57,95.95,4.063013698630137,-1.549600005149842
2022-11-16,32.19921875,34.01252322586403,86.3905325443787,121.3,700.86702117,89.875,35.55,31.01,95.65,4.06027397260274,-1.274250030517578
2022-11-17,29.328125,33.87853885086403,81.41891891891892,120.045,871.00943703,90.21,33.12,29.46,95.6,4.058904109589042,-0.8357999920845032
2022-11-18,29.51793282683641,33.74378950754021,81.51898734177216,119.42,712.33348025,89.07,34.74,28.31,95.6,4.058904109589042,-0.7860999703407288
2022-11-21,29.90234375,33.65149530094376,82.29342327150084,120.15,715.15090679,90.0,34.355,29.185,95.6,4.052054794520548,-0.8467999994754791
2022-11-22,29.90234375,33.53665155094377,82.3083403538332,119.8,698.86149617,89.4,35.44,29.26,95.65,4.049315068493151,-0.8198000192642212
2022-11-23,29.90234375,33.42180780094376,82.32323232323232,119.4,668.70104606,88.94,36.155,29.175,95.7,4.046575342465753,-0.7807499766349792
2022-11-24,30.66796875,33.28144321761043,83.51555929352396,119.865,833.6067218,89.64,35.83,29.05,95.8,4.043835616438356,-0.8428999781608582
2022-11-25,31.625,33.13469842594376,84.11764705882354,119.9,693.20823022,88.52000000000001,37.585,29.365,95.8,4.041095890410959,-0.8738999962806702
2022-11-28,31.37660611551387,32.96691342146089,83.7951301427372,119.22,640.95803009,88.225,37.35,28.31,95.8,4.032876712328767,-0.7902500033378601
2022-11-29,31.81640625,32.82654883812756,84.98322147651007,120.99,893.87220487,89.47,36.74,30.275,95.5,4.03013698630137,-1.091549992561341
2022-11-30,32.19921875,32.70968483886531,86.5046102263202,120.95,899.69675068,89.13999999999999,37.7,31.35,95.4,4.028767123287672,-1.159250020980835
2022-12-01,32.96484375,32.63312233886531,89.11222780569514,122.155,883.20591425,89.46000000000001,37.415,31.83,95.3,4.026027397260274,-1.349849998950958
2022-12-02,32.96484375,32.58208067219864,89.1213389121339,122.665,814.2305405,89.75,37.17,32.255,95.3,4.023287671232877,-1.387249946594238
2022-12-05,33.34765625,32.5565598388653,90.96989966555184,123.055,766.1375551,90.83500000000001,36.63,32.55,95.25,4.015068493150684,-1.597400009632111
2022-12-06,33.34765625,32.58674775924994,90.97744360902256,123.0,695.08759168,90.28,36.92,32.58,95.1,4.013698630136986,-1.450899958610535
2022-12-07,32.19921875,32.55022147515368,86.2270450751252,122.39,809.97249468,90.25,36.19,32.47,94.8,4.015068493150685,-1.362950026988984
2022-12-08,31.43359375,32.4818863001096,83.4862385321101,121.8,682.34734237,89.415,36.845,31.955,94.7,4.012328767123288,-1.214800000190735
2022-12-09,31.81640625,32.43313586440579,84.58333333333333,121.7,638.49810066,89.91,36.6,31.46,94.7,4.013698630136986,-1.189299941062927
2022-12-12,31.05078125,32.39485461440579,82.84762697751873,121.19,571.19007717,89.73,36.27,31.81,94.5,4.008219178082192,-1.138100028038025
2022-12-13,29.90234375,32.30025189489755,81.44758735440932,120.26,653.32097203,90.08,35.39,30.81,94.1,4.005479452054795,-0.9854999780654907
2022-12-14,29.13671875,32.13436647823088,80.1330008312552,119.545,555.17890992,89.525,34.79,30.135,94.2,4.005479452054795,-0.7660500109195709
2022-12-15,29.33737899355274,31.98702747286343,80.23255813953489,119.79,506.2055842,89.39,34.58,30.2,94.1,4.005479452054795,-0.8091999888420105
2022-12-16,28.47078889658957,31.77342356108309,79.00414937759336,118.745,496.90384942,88.815,34.325,29.655,93.95,4.00958904109589,-0.5949000120162964
2022-12-19,27.60546875,31.53097564441642,77.77777777777779,117.29,456.79401549,86.97,35.98,28.08,94.0,4.005479452054795,-0.2603999972343445
2022-12-20,27.98828125,31.32680897774975,78.45898922949462,116.79,428.06140487,86.24,36.28,27.73,94.2,4.002739726027397,-0.1941000074148178
2022-12-21,27.73631787247658,31.12700394849897,77.81456953642383,116.755,392.71814552,85.285,37.005,27.14,94.2,4.0,-0.1310000047087669
2022-12-22,27.22265625,30.92283728183231,76.92307692307693,115.995,541.57896054,84.47999999999999,38.905,26.815,94.2,4.0,0.08790000155568123
2022-12-23,26.83984375,30.65486853183231,76.03305785123968,115.5,564.18254533,84.43,38.4,26.37,94.3,4.0,0.118199996650219
2022-12-26,27.98828125,30.45070186516564,78.53014037985136,116.49,510.06131079,86.05,37.85,27.1,94.3,3.991780821917808,-0.09839999675750732
2022-12-27,28.75390625,30.28481644849898,79.70297029702971,117.81,490.98975877,86.91,36.88,28.26,94.4,3.989041095890411,-0.3226000070571899
2022-12-28,28.75390625,30.16997269849897,79.719703215169,117.06,460.16880381,85.77,37.62,27.94,94.4,3.986301369863014,-0.2031999975442886
2022-12-29,28.37109375,30.13807165683231,78.83031301482701,116.5,492.39603631,85.49,37.69,27.11,94.4,3.983561643835616,-0.1295000016689301
2022-12-30,27.96135545467255,30.08618574442684,77.77777777777779,116.45,463.78046757,85.96,36.62,26.72,94.5,3.980821917808219,-0.07509999722242355
2023-01-03,28.74342231573599,30.04755502995138,79.19407894736842,117.51,488.88206926,87.55,35.27,27.81,94.6,3.96986301369863,-0.335099995136261
2023-01-04,29.06236593213728,30.01955576935595,79.9506984387839,117.9,500.98771617,88.1,34.62,28.19,94.7,3.967123287671233,-0.4643000066280365
2023-01-05,29.84296784851522,30.01757657263979,81.11658456486043,119.12,543.76244234,89.07,35.55,29.4,94.8,3.964383561643836,-0.6675000190734863
2023-01-06,30.01492734544269,29.99580852582121,81.70631665299426,119.62,588.16628663,88.565,35.895,30.54,94.7,3.969863013698631,-0.8251500129699707
2023-01-09,30.39794688433597,29.95490675529908,82.45901639344262,119.85,521.08176645,89.14,35.86,30.86,94.7,3.967123287671233,-0.8619999885559082
2023-01-10,29.90234375,29.90576467644862,81.57248157248156,119.545,539.7948795,88.505,35.86499999999999,30.48,94.7,3.975342465753425,-0.7955000102519989
2023-01-11,29.90234375,29.84196259311529,81.58756137479541,119.46,441.23955273,88.33,35.81,30.48,94.6,3.983561643835616,-0.6787999868392944
2023-01-12,30.28515625,29.77816050978196,82.33851185609157,119.69,437.66154644,88.01,36.7,30.68,94.6,3.980821917808219,-0.7311000227928162
2023-01-13,30.28515625,29.68883759311529,82.35294117647058,120.1,435.3107501,89.16499999999999,36.23,31.305,94.6,3.982191780821918,-0.794299989938736
2023-01-16,31.05078125,29.62503550978196,83.18367346938776,121.11,431.28563213,89.9,36.27,31.82,94.6,3.978082191780822,-1.127500057220459
2023-01-17,31.43359375,29.56123342644862,83.76835236541599,121.33,352.06941321,89.96,36.25,32.14,94.5,3.975342465753425,-1.239599943161011
2023-01-18,32.58203125,29.53571259311529,87.77506112469437,121.9,353.29987677,89.96,36.39,32.77,94.5,3.972602739726027,-1.344300031661987
2023-01-19,32.19921875,29.53571259311529,86.48208469055375,122.35,361.61024022,90.15,35.77,33.3,94.6,3.96986301369863,-1.377300024032593
2023-01-20,33.34765625,29.59951467644862,91.21236777868185,122.83,342.38012662,91.03,35.9,34.15,94.6,3.967123287671233,-1.48800003528595
2023-01-30,33.73046875,29.66331675978195,92.35772357723577,123.66,430.05375935,91.94,34.72,34.14,94.8,3.93972602739726,-1.701500058174133
2023-01-31,32.58203125,29.71435842644862,87.6523151909017,123.38,465.11241433,93.42,33.56,34.03,94.8,3.936986301369863,-1.542099952697754
2023-02-01,33.34765625,29.82920217644862,91.15259740259741,124.23,588.98957386,94.63,33.12,35.56,94.8,3.934246575342466,-1.752500057220459
2023-02-02,33.73046875,29.98232717644862,92.37631792376317,124.9,644.18895897,94.97,33.57,35.84,94.9,3.931506849315069,-1.813099980354309
2023-02-03,32.96484375,30.1032426683302,88.97893030794165,124.18,651.74591121,94.61,33.53,35.52,94.9,3.928767123287671,-1.755300045013428
2023-02-06,31.81640625,30.21476324677721,84.37246963562754,123.255,655.74996013,94.575,32.45,33.705,95.0,3.928767123287671,-1.506199955940247
2023-02-07,32.19921875,30.36788824677721,86.08414239482201,123.695,655.5423492,95.765,32.1,34.735,94.95,3.941095890410959,-1.592499971389771
2023-02-08,31.95310884257435,30.50004916652969,84.55941794664511,123.26,631.78773716,96.13,32.01,34.35,94.9,3.945205479452055,-1.562299966812134
2023-02-09,32.19921875,30.6488125291138,86.10662358642972,124.26,612.13275949,97.03,30.56,35.01,95.0,3.942465753424658,-1.781399965286255
2023-02-10,32.19921875,30.81469794578047,86.11783696529459,124.46,627.28760364,96.94,30.87,34.8,95.1,3.942465753424658,-1.735399961471558
2023-02-13,32.43367739787759,31.00115906737638,86.53225806451613,125.3,634.80430569,97.5,30.48,35.14,95.2,3.934246575342466,-1.827200055122375
2023-02-14,31.81640625,31.12876323404305,84.04512489927478,125.22,647.11908929,97.85,30.27,35.15,95.2,3.931506849315069,-1.812100052833557
2023-02-15,31.43359375,31.21808615070972,82.76972624798712,124.57,679.26235891,97.72,29.09,34.54,95.2,3.928767123287671,-1.717499971389771
2023-02-16,31.05078125,31.29464865070972,82.05953338696702,123.28,803.76489965,95.83,29.95,32.51,95.3,3.926027397260274,-1.419399976730347
2023-02-17,29.90234375,31.34569031737639,80.22508038585208,122.1,813.47810484,95.37,29.8,31.6,95.3,3.923287671232877,-1.235849976539611
2023-02-20,30.28515625,31.4231503438873,81.12449799196787,123.21,805.51187046,96.71,28.84,33.41,95.4,3.915068493150685,-1.466199994087219
2023-02-21,30.66796875,31.4873018916961,81.78170144462278,123.76,715.68747305,97.26,28.75,33.41,95.4,3.912328767123288,-1.545199990272522
2023-02-22,30.66796875,31.54082198562486,81.7963111467522,123.89,700.96114179,97.14,29.12,33.38,95.4,3.90958904109589,-1.619500041007996
2023-02-23,30.28515625,31.55556159900769,81.00961538461539,123.26,603.61220643,96.97,28.79,33.21,95.6,3.906849315068493,-1.545199990272522
2023-02-24,29.51953125,31.53904839582626,79.02321857485988,122.82,645.94898425,96.5,28.14,32.57,95.6,3.904109589041096,-1.506850004196167
2023-02-27,29.51953125,31.50976787468173,79.03999999999999,122.7,596.40835992,95.59,29.31,31.61,95.5,3.895890410958904,-1.408100008964539
2023-02-28,29.90234375,31.50976787468173,80.01598721023181,122.85,690.92288326,95.68,29.61,32.54,95.6,3.893150684931507,-1.455399990081787
2023-03-01,30.66796875,31.53528870801506,81.86900958466452,124.02,746.88013756,96.58500000000001,28.78,33.485,95.6,3.897260273972603,-1.619000017642975
2023-03-02,31.05078125,31.5608095413484,82.20271348762968,123.59,661.67611797,96.05,29.39,33.12,95.7,3.887671232876712,-1.62720000743866
2023-03-03,31.43359375,31.5990907913484,82.93460925039872,124.01,601.74166316,96.37,30.3,33.81,95.6,3.884931506849315,-1.630900025367737
2023-03-06,31.05078125,31.5990907913484,82.15139442231076,124.42,555.23560047,96.13,30.22,33.24,95.7,3.876712328767123,-1.649250030517578
2023-03-07,31.42815635439294,31.59890954482816,82.48407643312102,122.975,670.25712746,94.025,32.24,32.215,95.65,3.880821917808219,-1.412000000476837
2023-03-08,31.05078125,31.54786787816149,82.10023866348448,122.96,694.8178139,95.09,31.61,32.34,95.8,3.871232876712329,-1.426049947738647
2023-03-09,31.05078125,31.5095866281615,82.11446740858506,123.01,752.01491191,95.07,31.04,32.25,95.7,3.868493150684932,-1.430150032043457
2023-03-10,31.43359375,31.44578454482816,83.00238284352662,121.95,763.61562924,93.99,32.37,30.81,95.8,3.865753424657534,-1.268499970436096
2023-03-13,31.43359375,31.36922204482816,83.01587301587303,122.24,686.81339781,94.15,31.78,31.28,95.9,3.857534246575343,-1.323350012302399
2023-03-14,31.43359375,31.33094079482816,83.0293417922284,121.6,747.62283851,93.42,33.38,31.01,95.9,3.854794520547945,-1.253849983215332
2023-03-15,31.43359375,31.26713871149483,83.04278922345483,122.01,774.12269458,93.85,32.89,30.835,96.0,3.858904109589041,-1.362549960613251
2023-03-16,31.43359375,31.19057621149483,83.05621536025336,121.0,781.30686133,92.29,34.36,29.71,96.1,3.856164383561644,-1.143249988555908
2023-03-17,31.81640625,31.15229496149483,84.33544303797468,121.55,767.42745509,92.56,34.355,30.28,96.1,3.861643835616438,-1.195099949836731
2023-03-20,32.54167180158164,31.17647047988088,86.95652173913044,121.88,755.78477654,92.24,35.02,30.6,96.2,3.854794520547945,-1.189800024032593
2023-03-21,32.83128858863377,31.197539474502,88.15165876777252,122.56,712.93925595,93.85,34.21,31.66,96.3,3.852054794520548,-1.353399991989136
2023-03-22,32.96484375,31.2312639714162,89.26598263614838,123.195,698.22831738,94.66499999999999,33.43000000000001,32.41,96.3,3.849315068493151,-1.509300053119659
2023-03-23,32.96484375,31.25678480474953,89.27444794952682,123.1,676.46623818,94.37,33.53,32.71,96.3,3.846575342465754,-1.548400044441223
2023-03-24,33.34765625,31.29506605474953,91.33175728920409,123.175,607.45014353,94.325,34.775,32.815,96.25,3.846575342465753,-1.596099972724915
2023-03-27,33.5390625,31.33191222482028,91.5748031496063,123.26,615.03004474,93.65,34.0,32.64,96.3,3.841095890410959,-1.583500027656555
2023-03-28,32.96484375,31.37019347482028,89.14240755310779,122.65,546.37001681,92.785,34.49,32.275,96.3,3.854794520547945,-1.516049981117249
2023-03-29,32.78073211695789,31.41509808705221,87.73584905660378,122.28,477.7214127,92.385,35.31,31.51,96.3,3.852054794520548,-1.409349977970124
2023-03-30,32.96484375,31.47890017038554,89.15946582875098,122.44,429.0844835,91.69,35.21,31.18,96.4,3.832876712328767,-1.365900039672852
2023-03-31,33.34765625,31.59374392038554,91.287284144427,122.79,456.84984667,92.2,34.82,31.6,96.3,3.83013698630137,-1.473000049591064
2023-04-03,34.11328125,31.72134808705221,94.11764705882352,123.86,494.81156176,92.82,34.78,32.25,96.4,3.821917808219178,-1.601899981498718
2023-04-04,34.49609375,31.84895225371887,94.90595611285266,123.62,538.80775028,92.09,35.71,31.9,96.5,3.819178082191781,-1.597000002861023
2023-04-06,34.87890625,31.98931683705221,95.84964761158966,123.8,531.57691503,92.23,36.48,32.02,96.5,3.813698630136986,-1.633900046348572
2023-04-07,34.87890625,32.1424418370522,95.85289514866979,124.485,447.60185349,92.525,35.75,32.65000000000001,96.5,3.827397260273973,-1.753899991512299
2023-04-10,34.76618828329535,32.31733040482872,94.83971853010165,124.1,461.61351877,92.04,36.53,32.44,96.5,3.835616438356164,-1.637400031089783
2023-04-11,34.49609375,32.48321582149539,94.6875,123.8,423.42635766,92.56,36.01,31.8,96.6,3.832876712328767,-1.541599988937378
2023-04-12,34.11328125,32.62358040482872,93.75487900078065,123.8,467.01609116,93.11,34.98,31.93,96.6,3.83013698630137,-1.544899940490723
2023-04-13,34.11328125,32.73842415482872,93.75975039001561,123.66,496.95390551,93.08,35.325,31.395,96.7,3.846575342465753,-1.458150029182434
2023-04-14,34.49609375,32.85326790482872,94.69992205767733,123.99,610.57695437,93.13,35.27,31.85,96.6,3.863013698630137,-1.51199996471405
2023-04-17,34.49609375,32.95535123816205,94.70404984423676,124.28,580.25016477,93.4,36.12,31.85,96.6,3.871232876712329,-1.52209997177124
2023-04-18,34.87890625,33.08295540482872,95.87548638132296,124.61,543.92891067,93.06,36.285,32.14,96.6,3.872602739726028,-1.569150030612946
2023-04-19,34.11328125,33.17245956801562,93.54587869362364,124.0,532.33833373,92.63,36.105,31.445,96.65,3.86986301369863,-1.459699988365173
2023-04-20,33.73046875,33.26178248468229,91.76379176379177,122.775,630.33376695,92.5,35.90000000000001,30.12,96.7,3.890410958904109,-1.262450039386749
2023-04-21,32.73572849284422,33.31794739277709,86.41304347826086,120.92,668.57563999,89.67,37.33,28.63,96.6,3.901369863013699,-0.949400007724762
2023-04-24,31.81640625,33.33070780944376,82.77734678044996,119.89,662.26189097,89.79,36.48,27.35,96.6,3.893150684931507,-0.7228999733924866
2023-04-25,32.19921875,33.3562286427771,84.72868217054264,119.08,739.58529254,86.69,38.51000000000001,26.765,96.5,3.906849315068493,-0.5701999962329865
2023-04-26,33.47927754006258,33.42441810244585,90.39504260263361,120.48,738.72018398,87.81,39.34,28.27,96.5,3.904109589041096,-0.8780999779701233
2023-04-27,33.73046875,33.50098060244584,91.79566563467493,120.85,644.1148343,88.04,39.54,28.75,96.6,3.906849315068493,-0.9983000159263611
2023-04-28,33.73046875,33.57754310244584,91.80201082753287,121.65,711.20615167,89.09,38.55,29.32,96.5,3.906849315068493,-1.128900051116943
2023-05-04,33.1628725094675,33.62242531109477,88.3307573415765,121.3,623.19471912,88.64,37.34,28.53,96.7,3.89041095890411,-1.073300004005432
2023-05-05,32.19921875,33.61101020937538,84.47876447876448,119.95,666.76863345,88.31,37.73,27.19,96.7,3.898630136986301,-0.8263999819755554
2023-05-08,32.19921875,33.58994121475425,84.49074074074075,120.12,705.45966826,88.575,37.175,27.34,96.9,3.89041095890411,-0.8737500011920929
2023-05-09,32.48590263146536,33.5739765108031,85.1195065535852,119.52,772.9240955,87.305,38.36499999999999,26.9,96.9,3.891780821917808,-0.7594499886035919
2023-05-10,31.81640625,33.5356952608031,82.28043143297381,119.65,617.367847,87.92,37.68,26.9,96.9,3.884931506849315,-0.8113999962806702
2023-05-11,33.34765625,33.5356952608031,90.22324865280986,119.97,583.44387071,88.32,38.87,27.05,97.0,3.89041095890411,-0.8970499932765961
2023-05-12,30.28515625,33.42723171913643,78.07692307692308,118.23,571.52187314,87.64,37.79,25.1,97.0,3.887671232876712,-0.5087999999523163
2023-05-15,30.28515625,33.33790880246976,78.09377401998464,118.76,553.6877078,88.68,36.82,25.58,97.1,3.879452054794521,-0.6044000089168549
2023-05-16,31.05078125,33.28024377357117,79.56989247311827,118.76,544.07185118,87.71,38.255,25.835,97.1,3.886301369863014,-0.6887000203132629
2023-05-17,31.43359375,33.2292021069045,80.81350729086722,119.36,460.37428341,88.465,37.485,26.465,97.1,3.883561643835616,-0.7888000011444092
2023-05-18,31.81640625,33.17816044023784,82.28527607361963,119.21,488.80381482,88.2,37.05,27.05,97.1,3.871232876712329,-0.8093000054359436
2023-05-19,31.81640625,33.10159794023784,82.29885057471265,119.7,465.80251927,88.23,36.71,26.64,97.1,3.887671232876712,-0.7971999943256378
2023-05-22,32.0078125,33.0186552319045,82.6186830015314,120.0,432.39298784,88.89,36.6,26.72,97.1,3.879452054794521,-0.8843500018119812
2023-05-23,31.43359375,32.9038114819045,80.64269319051263,119.49,410.67243706,87.935,37.155,26.35,97.2,3.876712328767123,-0.755299985408783
2023-05-24,31.05078125,32.77620731523783,79.28134556574923,119.245,442.07190563,88.005,37.21,26.035,97.2,3.873972602739726,-0.7410999834537506
2023-05-25,31.05078125,32.65236041412799,79.29717341482048,119.455,459.1199664,88.3,36.13,25.68,97.2,3.871232876712329,-0.7242500185966492
2023-05-26,31.43359375,32.55027708079466,80.68702290076337,119.955,507.94439561,88.815,37.525,26.295,97.2,3.868493150684932,-0.867249995470047
2023-05-29,31.43359375,32.46095416412799,80.7017543859649,119.38,438.1457222,87.72,38.07,25.65,97.1,3.86027397260274,-0.7095000147819519
2023-05-30,31.05078125,32.35887083079466,79.1920731707317,119.685,447.09026797,88.57,37.26,25.69,97.2,3.857534246575343,-0.7392500042915344
2023-05-31,31.55041144245851,32.26068142054327,80.8073115003808,119.295,465.14767573,88.0,37.325,25.57,97.15,3.854794520547945,-0.7106000185012817
2023-06-01,32.19921875,32.18411892054327,84.55098934550989,119.5,525.47940796,87.91499999999999,37.72499999999999,25.695,97.15,3.852054794520548,-0.7477999925613403
2023-06-02,33.34765625,32.13307725387661,90.34220532319391,120.93,622.37543727,88.44,37.52,26.56,97.2,3.849315068493151,-1.049249947071075
2023-06-05,32.96484375,32.0947960038766,87.99392097264437,120.64,529.15750147,88.67,36.83,26.54,97.2,3.841095890410959,-0.9991500079631808
2023-06-06,32.96484375,32.06927517054327,88.0030372057707,120.055,651.11380378,86.985,38.43,26.09,97.2,3.83972602739726,-0.9546999931335449
2023-06-07,32.30998437795164,32.05508370004685,84.597875569044,120.025,623.97152828,87.37,38.555,25.665,97.2,3.836986301369863,-0.8996999859809875
2023-06-08,32.96484375,32.09336495004685,88.02122820318424,120.245,638.36933193,86.83500000000001,38.77,26.055,97.2,3.834246575342465,-0.9329000115394592
2023-06-09,33.34765625,32.13164620004685,90.37878787878788,120.525,617.79285755,87.41499999999999,39.07,26.655,97.2,3.831506849315068,-1.018100023269653
2023-06-12,33.34765625,32.12725882371144,90.38607115821348,121.33,610.41455982,88.88,38.605,27.04,97.25,3.823287671232876,-1.07669997215271
2023-06-13,33.34765625,32.11449840704476,90.39334341906202,121.49,723.04491772,89.14,38.755,26.955,97.35,3.82054794520548,-1.072100043296814
2023-06-14,33.73046875,32.11449840704476,91.98790627362055,121.85,772.99222625,88.28999999999999,39.11,26.78,97.4,3.817808219178082,-1.056100010871887
2023-06-15,34.26396184291011,32.15120138482619,93.7311178247734,122.385,841.99411993,89.28,39.015,27.85,97.4,3.815068493150685,-1.212299942970276
2023-06-16,34.11328125,32.21500346815952,93.66037735849056,122.74,884.0422071,89.27,38.42,28.53,97.3,3.813698630136986,-1.24669998884201
2023-06-19,33.73046875,32.26604513482619,91.8552036199095,122.0,765.44492271,88.98,38.19,28.11,97.2,3.805479452054795,-1.19570004940033
2023-06-20,33.73046875,32.30753067211067,91.8613413715147,121.78,737.75862307,88.57,38.91,27.89,97.2,3.802739726027397,-1.117599964141846
2023-06-21,33.68914499233101,32.36995529685504,90.8132530120482,121.21,649.97837446,88.08,39.49,26.83,97.2,3.8,-1.03659999370575
2023-06-26,32.96484375,32.35719488018837,87.43416102332581,120.295,581.11710337,86.4,41.15000000000001,26.15,97.25,3.79041095890411,-0.8464999794960022
2023-06-27,32.92551854385989,32.44520695665037,85.86466165413535,120.98,736.35596494,87.905,39.575,27.07,97.2,3.787671232876713,-0.9764000177383423
2023-06-28,32.58203125,32.52176945665038,85.12396694214877,121.46,727.09140166,87.72999999999999,39.88500000000001,26.97,97.2,3.784931506849315,-1.038100004196167
2023-06-29,32.96484375,32.5855715399837,87.46246246246247,121.47,746.38302873,88.22,39.27,27.1,97.2,3.782191780821918,-1.092300057411194
2023-06-30,32.96484375,32.63661320665037,87.47186796699175,122.41,856.11613975,89.22,37.62,27.485,97.2,3.779452054794521,-1.138000011444092
2023-07-03,32.96484375,32.67489445665037,87.48125937031485,122.745,738.66971429,89.72999999999999,37.24,28.05,97.3,3.771232876712328,-1.195199966430664
2023-07-04,33.34765625,32.72593612331704,90.0374531835206,122.775,776.21018014,90.875,37.165,28.275,97.35,3.768493150684932,-1.22599995136261
2023-07-05,33.34765625,32.77059758165037,90.04491017964071,122.6,777.5827269,90.1,37.17,27.88,97.4,3.761643835616439,-1.20169997215271
2023-07-06,33.73046875,32.84716008165037,91.92221391174272,122.83,787.93911128,89.815,37.21,28.215,97.4,3.763013698630137,-1.184050023555756
2023-07-07,33.73046875,32.93648299831704,91.92825112107623,122.935,712.09549081,89.57,37.925,28.22,97.4,3.76986301369863,-1.1389000415802
2023-07-10,33.62890339298775,33.0224204030833,90.51530993278566,123.02,598.03947853,89.72,37.545,27.89,97.45,3.761643835616439,-1.127500057220459
2023-07-11,33.34765625,33.08622248641663,89.8507462686567,123.25,718.18227884,90.69,37.395,28.395,97.55,3.75890410958904,-1.282899975776672
2023-07-12,33.73046875,33.16278498641663,91.94630872483222,122.85,700.38935696,89.565,38.515,27.985,97.5,3.756164383561644,-1.17929995059967
2023-07-13,34.11328125,33.26486831974997,93.74068554396423,123.38,645.69059295,90.38,37.58,28.53,97.5,3.758904109589041,-1.330299973487854
2023-07-14,34.11328125,33.35029731333468,93.74534623976173,123.0,704.05004348,90.07,37.49,28.41,97.5,3.756164383561644,-1.342900037765503
2023-07-17,32.96484375,33.37581814666802,86.90476190476191,122.98,539.99626547,89.74,37.67,27.89,97.5,3.756164383561644,-1.306999981403351
2023-07-18,33.58220093269922,33.38363630275799,90.26022304832713,123.37,659.92030583,90.305,36.91,28.365,97.55,3.75890410958904,-1.353999972343445
2023-07-19,33.921875,33.41553734442466,91.90193164933135,123.47,596.04911438,90.21000000000001,37.91,28.64,97.6,3.768493150684932,-1.365200042724609
2023-07-20,33.73046875,33.44105817775799,91.75946547884188,123.28,480.79566212,89.56,38.57,28.26,97.6,3.772602739726028,-1.323599994182587
2023-07-21,33.85709329082054,33.49262847485362,91.83976261127597,122.94,465.08427683,89.55,38.5,27.91,97.7,3.76986301369863,-1.302450001239777
2023-07-24,33.42317316658645,33.50790612207317,89.39955522609341,122.83,503.64358708,89.46,38.02,27.75,97.7,3.761643835616439,-1.208550035953522
2023-07-25,34.11328125,33.5334269554065,93.77777777777779,123.855,639.72877569,91.00999999999999,36.78,29.54,97.5,3.761643835616438,-1.42739999294281
2023-07-26,34.11328125,33.55894778873984,93.78238341968913,124.1,441.62724356,91.09,37.05,29.33,97.4,3.761643835616439,-1.415500044822693
2023-07-27,34.49609375,33.59722903873983,94.89644970414201,123.72,519.3197936,90.06,37.78,28.79,97.5,3.758904109589041,-1.384600043296814
2023-07-28,35.64453125,33.66103112207317,97.63488543976348,124.59,612.45017596,90.9,37.66,29.55,97.5,3.821917808219178,-1.553600013256073
2023-07-31,34.72358760533708,33.67635198082073,94.903988183161,124.715,574.40587302,91.5,37.105,29.925,97.5,3.815068493150685,-1.544700026512146
2023-08-01,34.49609375,33.6891123974874,94.76014760147602,124.18,634.77073766,91.145,37.845,29.83,97.55,3.812328767123287,-1.460299968719482
2023-08-02,34.49609375,33.71463323082073,94.76401179941003,124.15,620.74538671,91.055,37.32,29.655,97.65,3.828767123287672,-1.523000001907349
2023-08-03,34.87890625,33.75291448082073,96.02063375092115,124.2,662.81618223,91.27,37.91,30.16,97.7,3.843835616438356,-1.587099969387054
2023-08-04,35.04920297180874,33.79824974680333,96.09720176730487,124.4,805.07640599,90.975,37.84999999999999,29.98,97.65,3.842465753424658,-1.652500033378601
2023-08-07,34.11328125,33.83653099680333,93.30389992641648,123.79,585.07106568,90.83500000000001,38.25,29.34,97.6,3.834246575342465,-1.522500038146973
2023-08-08,34.11328125,33.87612308700799,93.30882352941177,123.505,622.40743093,90.745,38.085,29.005,97.6,3.835616438356165,-1.481600046157837
2023-08-09,34.11328125,33.92716475367466,93.31373989713447,123.1,573.49559393,89.74,38.74,28.72,97.6,3.835616438356164,-1.464499950408936
2023-08-10,34.11328125,33.96544600367466,93.3186490455213,123.27,499.99693288,90.305,38.655,28.705,97.6,3.841095890410959,-1.483000040054321
2023-08-11,34.49609375,34.01648767034133,94.6441672780631,122.81,543.44938784,88.45,40.53,28.26,97.7,3.843835616438356,-1.416949987411499
2023-08-14,34.11328125,34.05476892034132,93.25513196480938,122.715,606.260708,89.235,39.28,28.175,97.65,3.854794520547945,-1.312999963760376
2023-08-15,34.11328125,34.08028975367466,93.26007326007326,122.06,598.08746284,88.675,39.98,27.805,97.6,3.871232876712329,-1.252900004386902
2023-08-16,34.11328125,34.10581058700799,93.26500732064422,121.775,493.94243118,87.985,41.41,27.04,97.6,3.879452054794521,-1.241299986839294
2023-08-17,34.49609375,34.13133142034133,94.65983906364302,122.46,537.6186217,88.81,40.52,27.61,97.6,3.887671232876712,-1.299499988555908
2023-08-18,34.87890625,34.16961267034132,95.97953216374269,122.5,491.99789366,88.075,41.475,27.795,97.55,3.895890410958904,-1.230800032615662
2023-08-21,34.6875,34.20489922390841,94.66764061358656,122.0,470.95503881,87.47,41.9,27.01,97.7,3.887671232876712,-1.145400047302246
2023-08-22,33.73046875,34.21765964057507,90.36496350364963,121.005,569.97054295,87.01,40.99,26.31,97.7,3.895890410958904,-1.039199948310852
2023-08-23,33.37192072526499,34.20570803975057,87.96498905908096,120.0,502.4502581,85.38,42.84,25.5,97.7,3.910958904109589,-0.8547999858856201
2023-08-24,33.73046875,34.1929476230839,90.37900874635568,120.51,526.84062685,86.125,43.795,25.595,97.7,3.926027397260274,-0.8913999795913696
2023-08-25,33.25385700832184,34.1643001483613,85.65185724690458,119.26,541.37963089,84.505,45.19,24.88,97.7,3.923287671232877,-0.7398999929428101
2023-08-28,33.34765625,34.17706056502796,87.84570596797671,119.8,638.73578175,85.2,43.39,24.78,97.7,3.917808219178083,-0.8355999886989594
2023-08-29,33.73046875,34.18200282560465,90.4,121.71,590.37908236,88.245,41.165,26.775,97.7,3.917808219178082,-1.145900011062622
2023-08-30,33.73046875,34.17562261727132,90.40697674418605,121.995,553.96554968,88.3,40.34,27.0,97.7,3.923287671232877,-1.215649962425232
2023-08-31,34.11328125,34.18838303393798,93.10094408133624,121.895,487.3303307,87.73,41.25,26.23,97.7,3.920547945205479,-1.205449998378754
2023-09-01,34.6875,34.2160632575773,94.70246734397678,122.63,474.35766681,88.135,40.8,27.245,97.7,3.926027397260274,-1.289950013160706
2023-09-04,34.87890625,34.26458769369108,96.01160261058739,123.31,435.80780007,89.50999999999999,40.06,28.03,97.6,3.917808219178082,-1.412049949169158
2023-09-05,34.49609375,34.27734811035775,94.42028985507245,123.245,506.24055866,90.08,39.63,27.97,97.6,3.916438356164384,-1.405799984931946
2023-09-06,34.11328125,34.27734811035775,92.90369297610427,123.55,477.94134005,89.975,39.02,28.48,97.5,3.915068493150685,-1.415700018405914
2023-09-07,32.96484375,34.22630644369109,84.58755426917511,121.75,595.1693825,88.905,38.625,27.26,97.3,3.912328767123288,-1.117449998855591
2023-09-08,32.19921875,34.11146269369109,80.40491684743311,120.98,554.94599893,89.41499999999999,37.965,27.135,97.1,3.917808219178082,-1.076349973678589
2023-09-11,32.32721434049079,34.03158358486288,80.78034682080924,121.7,478.48364369,89.61500000000001,37.205,27.3,97.1,3.90958904109589,-1.122150003910065
2023-09-12,32.19921875,33.95502108486288,80.36101083032491,121.56,460.0621407,89.435,37.1,27.21,97.1,3.915068493150685,-1.10640001296997
2023-09-13,31.43359375,33.85293775152955,76.47907647907648,120.855,371.49210072,89.03,38.24,26.67,97.2,3.917808219178083,-0.9519000053405762
2023-09-14,31.05078125,33.72533358486287,74.98197548666185,120.24,349.08593982,88.295,38.485,26.395,97.2,3.92054794520548,-0.8135499954223633
2023-09-15,31.43359375,33.60481327746925,76.51296829971182,120.36,380.62841619,88.285,38.835,26.43,97.2,3.917808219178082,-0.8364499807357788
2023-09-18,31.81640625,33.52825077746925,78.11375089992801,120.84,368.40338929,89.01499999999999,38.045,26.565,97.1,3.90958904109589,-0.9257499873638153
2023-09-19,31.43359375,33.43892786080259,76.4748201438849,120.15,308.85152325,87.84,39.215,26.41,97.1,3.906849315068493,-0.7599500119686127
2023-09-20,31.81640625,33.36236536080258,78.14521926671459,119.85,295.08310857,87.72,39.66,26.115,97.2,3.904109589041096,-0.732450008392334
2023-09-21,31.51593065110269,33.27578700750601,76.50862068965517,119.37,304.26868387,86.845,39.715,25.485,97.25,3.901369863013699,-0.67289999127388
2023-09-22,32.35583331918218,33.20444499314542,80.90452261306532,120.43,434.43038001,88.78,38.835,26.425,97.2,3.898630136986301,-0.8962000012397766
2023-09-25,31.9396631747645,33.13199105730423,78.33572453371592,120.3,363.06283899,88.16,39.14,26.275,97.2,3.89041095890411,-0.8055499792098999
2023-09-26,32.19921875,33.0681889739709,80.43010752688173,120.2,386.90178435,87.82,40.235,26.145,97.2,3.887671232876712,-0.8093999922275543
2023-09-27,32.42290997732172,33.01184326488162,81.01719197707736,120.69,419.77494841,87.81,39.48,26.685,97.25,3.884931506849315,-0.9146999716758728
2023-09-28,32.96484375,32.96080159821496,84.75304223335719,121.46,407.67988756,88.86,38.63,27.34,97.3,3.882191780821918,-1.028800010681152
2023-10-09,32.96484375,32.89699951488162,84.76394849785407,121.27,336.01449404,89.025,39.27,26.965,97.5,3.852054794520548,-0.9988000094890592
2023-10-10,32.96484375,32.83957763988163,84.77483917083632,120.86,364.64232878,88.44999999999999,39.6,26.41,97.5,3.849315068493151,-0.9558500051498413
2023-10-11,32.51218835659112,32.79896829343466,81.14285714285714,120.99,374.67649687,88.63,39.055,26.385,97.5,3.846575342465754,-0.978050023317337
2023-10-12,32.19921875,32.75987822759249,80.1570306923626,121.4,403.08406356,89.225,38.62,26.71,97.4,3.843835616438356,-1.072050034999847
2023-10-13,31.81640625,32.69607614425916,77.67475035663338,120.845,389.12716603,89.1,38.72,26.04,97.5,3.85068493150685,-1.004199981689453
2023-10-16,31.43359375,32.6354007023151,75.83749109052032,120.08,347.42861195,88.7,38.26,25.51,97.5,3.842465753424658,-0.754800021648407
2023-10-17,31.05078125,32.5588382023151,74.14529914529915,119.78,349.65650065,88.345,37.495,24.69,97.5,3.849315068493151,-0.6696000099182129
2023-10-18,29.90234375,32.43123403564843,71.31672597864768,118.295,368.16441777,87.36,37.95,23.65,97.5,3.871232876712329,-0.3455999940633774
2023-10-19,29.13671875,32.27810903564843,69.55903271692745,117.195,359.12350741,86.42,37.95,23.2,97.4,3.868493150684931,-0.1301500052213669
2023-10-20,29.13671875,32.11222361898177,69.58066808813076,116.17,365.61713987,85.55,38.88,22.47,97.4,3.895890410958905,-0.0560000017285347
2023-10-23,28.37109375,31.90167674398176,68.11079545454545,114.615,355.47660172,83.32,39.84,21.225,97.4,3.895890410958904,0.3624500036239624
2023-10-24,29.51953125,31.72303091064843,70.40454222853087,116.764,415.47445201,85.25,39.43,23.22,97.3,3.895890410958904,-0.09120000153779984
2023-10-25,29.90234375,31.56990591064843,71.41843971631205,117.5,454.60585945,86.49,38.23,24.13,97.3,3.893150684931507,-0.2942000031471252
2023-10-26,29.78731060672676,31.42570688920599,70.44649184975195,117.363,404.04911863,86.45,37.92,24.54,97.3,3.909589041095891,-0.2811999917030334
2023-10-27,30.94204746009822,31.35828034620926,73.37110481586402,119.096,459.63528155,88.0,37.5,26.05,97.3,3.906849315068493,-0.5608999729156494
2023-10-30,30.52619970884587,31.30251304483746,72.61146496815286,119.4005,415.25095581,88.78,36.225,26.485,97.35,3.906849315068493,-0.6542499959468842
2023-10-31,29.51953125,31.20892360848777,70.22630834512023,118.584,407.89684308,88.38,36.25,25.63,97.3,3.912328767123288,-0.3977000117301941
2023-11-01,28.75390625,31.09407985848777,68.69257950530036,118.449,357.69936644,88.58,34.91,25.15,97.4,3.893150684931507,-0.333749994635582
2023-11-02,28.75390625,31.0047569418211,68.71468926553672,118.3,320.73973664,87.82499999999999,37.015,24.19,97.45,3.898630136986301,-0.2860500067472457
2023-11-03,29.52613717246774,30.95393547257003,70.2893436838391,119.187,382.85595314,88.68,35.815,25.22,97.45,3.939726027397261,-0.4661000072956085
2023-11-06,30.66796875,30.92841463923669,73.34273624823695,120.5,427.42247825,90.63,35.06,26.56,97.4,3.967123287671233,-0.8043000102043152
2023-11-07,31.05078125,30.90289380590336,74.4186046511628,120.7875,434.70783483,90.975,34.88500000000001,27.01,97.5,3.968493150684932,-0.8384999930858612
2023-11-08,30.82521057558414,30.88261436675617,73.38028169014085,120.862,457.43123962,90.64,34.42,26.79,97.5,3.96986301369863,-0.82669997215271
2023-11-09,30.66796875,30.84433311675616,73.25826882477129,120.661,452.81988824,90.41999999999999,34.82,26.24,97.55,3.968493150684932,-0.8110499978065491
2023-11-10,30.28515625,30.80330730338607,72.29254571026723,120.3125,379.07405715,90.41499999999999,34.525,26.17,97.5,3.971232876712329,-0.7791000008583069
2023-11-13,30.16355988514668,30.73023152225156,71.46872803935348,120.7515,390.35535362,91.28,34.055,26.175,97.5,3.963013698630137,-0.8000500202178955
2023-11-14,30.4765625,30.68146149975941,72.47191011235955,120.9865,477.67989801,91.47,33.81,26.53,97.45,3.96027397260274,-0.8500000238418579
2023-11-15,30.66796875,30.63041983309274,73.33333333333333,122.063,542.85838794,91.77,33.81,27.07,97.5,3.961643835616438,-0.9842000007629395
2023-11-16,29.51953125,30.53364054218202,69.84572230014025,120.747,504.39171962,91.0,33.25,26.76,97.5,3.958904109589041,-0.7717000246047974
2023-11-17,29.50286443130277,30.41824123155878,69.09600560616678,120.724,510.17113928,91.47,32.18,26.48,97.6,3.956164383561644,-0.7211999893188477
2023-11-20,29.90234375,30.31615789822544,71.07843137254902,121.458,474.04209917,92.32499999999999,31.69,27.045,97.65,3.94931506849315,-0.8795500099658966
2023-11-21,29.51953125,30.20131414822544,69.83904828551435,121.003,475.70412084,92.23,31.94,26.78,97.6,3.947945205479452,-0.7620000243186951
2023-11-22,28.33480082270845,30.06206789709602,66.85314685314685,119.701,421.20866519,91.19,32.11499999999999,25.29,97.7,3.947945205479452,-0.5065999925136566
2023-11-23,27.60546875,29.90894289709602,65.75821104122991,119.593,445.68548295,92.57,30.77,25.38,97.6,3.945205479452055,-0.5460000038146973
2023-11-24,27.60546875,29.76857831376269,65.78212290502793,118.51,416.83360131,91.24000000000001,31.525,24.62,97.6,3.945205479452055,-0.3387500047683716
2023-11-27,27.74687605767769,29.64568772401861,65.94556873691556,119.12,474.12488244,91.19,31.435,24.845,97.55,3.942465753424657,-0.4466999918222427
2023-11-28,27.60546875,29.53084397401861,65.76011157601116,119.636,479.5040673,92.185,31.525,25.375,97.65,3.934246575342466,-0.6098000109195709
2023-11-29,27.98828125,29.46704189068528,66.68989547038328,119.17,480.69404453,91.61,31.88,24.72,97.7,3.942465753424658,-0.5590000152587891
2023-11-30,27.98828125,29.42876064068528,66.71309192200557,118.7155,564.05863064,90.44,32.51,24.255,97.7,3.93972602739726,-0.4005499929189682
2023-12-01,28.37109375,29.40323980735194,67.29297146833682,119.26,536.11750793,91.17,32.44,24.5,97.7,3.936986301369863,-0.4593999981880188
2023-12-04,27.98828125,29.39047939068528,66.68984700973574,119.117,435.55422149,91.0,32.65,24.43,97.7,3.936986301369863,-0.4620999991893768
2023-12-05,27.98828125,29.33943772401861,66.71299513551077,118.435,435.4002173,89.255,34.07,23.68,97.65,3.934246575342466,-0.245399996638298
2023-12-06,27.22265625,29.25011480735195,64.72222222222223,118.4005,411.01807088,89.66499999999999,33.76,23.9,97.65,3.931506849315069,-0.2509499937295914
2023-12-07,27.71284403348639,29.18096592157726,65.64885496183206,118.2455,458.23930334,88.83000000000001,34.555,23.555,97.7,3.928767123287671,-0.2789000123739243
2023-12-08,28.75390625,29.10802788124066,68.37725381414702,118.2805,496.45804654,88.94,35.645,23.465,97.7,3.926027397260274,-0.2888000011444091
2023-12-11,28.75390625,29.04895143261246,68.3991683991684,118.558,470.96299634,89.95,34.09,24.06,97.7,3.917808219178082,-0.2847999930381775
2023-12-12,28.51901351631811,29.01560084148974,67.45152354570637,118.7935,441.61940962,89.895,33.215,24.305,97.7,3.915068493150685,-0.4279500097036362
2023-12-13,27.98828125,28.9900800081564,66.64359861591696,118.0985,398.66345367,89.02,33.70999999999999,24.075,97.8,3.912328767123288,-0.2861000001430511
2023-12-14,27.60546875,28.9517987581564,65.35269709543569,117.8035,366.93001121,89.3,34.87,23.31,97.9,3.90958904109589,-0.2603999972343445
2023-12-15,27.60546875,28.88777647740748,65.37664132688322,117.384,351.22446799,88.65,35.01,22.93,97.9,3.915068493150685,-0.1295999959111214
2023-12-18,27.22265625,28.77293272740748,64.43370165745857,116.665,343.27027435,87.3,35.41,21.6,98.0,3.906849315068493,0.00999999977648258
2023-12-19,26.45703125,28.61980772740748,63.07798481711525,115.9215,347.35383223,87.67,34.57,21.23,98.0,3.904109589041096,0.1444000005722046
2023-12-20,26.45703125,28.474201749888,63.10344827586207,115.993,387.26234748,86.735,35.325,21.07,98.1,3.90958904109589,0.2384999990463257
2023-12-21,26.83984375,28.34659758322134,63.61130254996554,116.385,403.05074058,87.28999999999999,35.365,21.495,98.1,3.906849315068493,0.08550000190734863
2023-12-22,27.22265625,28.24451424988801,64.53168044077135,116.322,424.36354203,86.34,36.61,21.445,98.15,3.904109589041096,0.1108999997377396
2023-12-25,26.99734910920161,28.13897389068983,63.73021335168617,115.9155,376.05377454,86.1,35.61,21.4,98.2,3.895890410958904,0.09994999691843985
2023-12-26,26.45703125,28.00498951568983,62.99862448418156,115.079,369.42960861,84.88499999999999,36.81,19.99,98.3,3.893150684931507,0.3594000041484833
2023-12-27,26.68562909644195,27.87224486057123,63.09278350515464,115.515,400.83830519,85.58,36.655,20.725,98.35,3.923287671232877,0.2329999953508377
2023-12-28,27.98828125,27.82120319390457,66.8956043956044,117.432,449.90536533,87.36,34.76,22.41,98.4,3.921917808219178,-0.1447000056505204
2023-12-29,28.37109375,27.78347750452781,67.53603294440632,118.5,541.91003562,88.31,33.90000000000001,23.51,98.45,3.92054794520548,-0.4623999893665314
2024-01-02,29.13671875,27.75795667119447,69.34156378600824,119.0985,377.78033252,89.37,34.5,23.74,98.6,3.908219178082192,-0.5046000182628632
2024-01-03,27.5948770045834,27.69380152968058,64.83893077450308,118.225,375.94190774,88.69,34.52,22.55,98.5,3.905479452054794,-0.3423500061035156
2024-01-04,27.22265625,27.65673004392364,64.45205479452055,117.995,392.1960586,88.69,34.01,22.22,98.6,3.902739726027398,-0.2216499969363213
2024-01-05,26.79372487415441,27.62967191472879,62.97056810403833,116.869,378.89950931,87.23,35.13,21.48,98.7,3.9,0.03749999962747097
2024-01-08,26.45703125,27.59139066472879,62.72229822161422,115.5515,306.10529111,85.38,36.64,19.57,98.8,3.891780821917808,0.2983999997377396
2024-01-09,26.45703125,27.5483958378062,62.74777853725222,116.185,371.69971646,86.14,35.87,19.85,98.9,3.889041095890411,0.2660499960184097
2024-01-10,26.45703125,27.5101145878062,62.77322404371585,115.703,337.26624137,85.54499999999999,37.275,19.5,98.95,3.884931506849315,0.336899995803833
2024-01-11,26.53209596824242,27.46157507841428,62.79863481228669,116.7205,392.66481637,86.57,36.44,20.78,98.9,3.883561643835616,0.1233999989926815
2024-01-12,26.83984375,27.42329382841428,63.50613915416098,116.862,342.69499415,86.765,36.46,20.49,98.9,3.882191780821918,0.09350000321865082
2024-01-15,26.83984375,27.37225216174761,63.53101567825495,116.5635,319.912768,86.11,37.42,19.99,98.9,3.878082191780822,0.1889499947428703
2024-01-16,26.07421875,27.30845007841428,61.78474114441417,115.664,313.77488214,85.72,36.95,19.13,98.7,3.886301369863014,0.3267999887466431
2024-01-17,25.30859375,27.21912716174761,60.38121170864533,114.0,298.10068391,83.57499999999999,38.675,16.975,98.75,3.89041095890411,0.6225000023841858
2024-01-18,25.00051724976791,27.14505586173987,59.38775510204082,113.6825,389.93582599,83.21,38.56,16.89,98.8,3.894520547945206,0.6954500079154968
2024-01-19,25.69140625,27.07767460229033,61.25084976206661,113.8225,322.0373572,82.07,39.86,16.9,98.9,3.904109589041095,0.7253000140190125
2024-01-22,25.30859375,26.96283085229033,60.39402173913043,111.289,315.41107074,77.37,45.64,13.86,99.1,3.901369863013699,1.302000045776367
2024-01-23,25.12163324102198,26.84175508532439,59.3346911065852,111.082,410.19891142,77.25,45.6,14.03,99.1,3.898630136986301,1.336199998855591
2024-01-24,23.77734375,26.68369942644712,56.03799185888738,110.5,374.33982248,77.975,43.68,13.56,99.0,3.90958904109589,1.432500004768372
2024-01-25,25.6699271370212,26.6064209560145,61.01694915254237,112.5015,418.78059466,81.03,41.345,15.78,99.05,3.906849315068493,0.9330999851226807
2024-01-26,25.90788082313751,26.54983469178574,61.44986449864499,112.636,355.50523754,80.25999999999999,43.505,16.005,99.25,3.904109589041096,0.8951499760150909
2024-01-29,25.26159518368017,26.47170557290842,59.37711577522003,111.15,296.34845035,77.455,44.43,14.175,99.4,3.895890410958904,1.273999989032745
2024-01-30,25.01259654602836,26.39803691610937,59.20162381596752,110.0295,292.38457232,74.935,48.08,12.265,99.5,3.895890410958904,1.584450006484985
2024-01-31,25.69140625,26.37251608277603,61.39283299526708,108.526,330.10872497,71.33,52.95,10.445,99.69999999999999,3.893150684931507,1.999500036239624
2024-02-01,26.29697175369686,26.36718076623259,62.16216216216216,108.75,364.59504558,70.65,55.36,10.45,99.8,3.897260273972603,1.946149945259094
2024-02-02,27.70871223945061,26.39614304921428,66.03646185010128,107.781,374.20394595,66.84,61.3,9.53,99.9,3.898630136986301,2.234200000762939
2024-02-05,28.34695643938863,26.4336197221939,67.61133603238866,106.042,391.7041514,61.12,72.82,7.44,100.0,3.89041095890411,2.682199954986572
2024-02-06,30.55450050706516,26.55219143545602,73.56709372892784,108.002,472.77411941,62.56,72.765,10.19,99.95,3.883561643835616,2.229200005531311
2024-02-07,30.66796875,26.69255601878935,74.39353099730458,107.711,497.42780121,61.52,74.235,10.33,99.95,3.880821917808219,2.304899930953979
2024-02-08,29.71296880818284,26.79346734251405,70.97643097643098,109.1775,485.53343131,65.7,64.61,11.45,99.95,3.878082191780822,1.83635002374649
2024-02-19,29.18832044517341,26.83346864901983,69.71736204576044,109.968,390.97514946,68.1,60.59,12.445,100.0,3.847945205479452,1.655900001525879
2024-02-20,30.28515625,26.89727073235316,73.23470073974445,110.9485,442.21543633,68.515,60.88,13.13,100.0,3.845205479452055,1.34440004825592
2024-02-21,30.44068269872461,26.94073619731065,73.38709677419355,111.7335,485.4506114,69.445,59.9,14.02,100.0,3.842465753424658,1.206300020217896
2024-02-22,29.90234375,27.0176517554912,71.99462726662189,111.863,437.60635671,70.88,56.23,14.6,100.1,3.843835616438356,1.11269998550415
2024-02-23,29.13671875,27.08145383882454,69.53020134228188,112.3,409.04585362,73.2,53.99,14.64,100.2,3.841095890410959,1.054200053215027
2024-02-26,28.75390625,27.14679321801939,68.81287726358148,112.622,421.43136339,74.85,51.55,15.13,100.3,3.832876712328767,0.9211000204086304
2024-02-27,28.37519115103627,27.21073188138726,67.62734584450402,113.32,430.21744102,77.29,47.14,15.38,100.4,3.83013698630137,0.8217999935150146
2024-02-28,27.1558274290261,27.2340250873548,63.69725385130609,110.697,479.5692598,72.29,53.97,12.95,100.5,3.827397260273973,1.442800045013428
2024-02-29,27.06950046835846,27.25444072796675,63.65461847389559,112.1135,466.6770141,74.905,50.05,14.17,100.5,3.826027397260274,1.109350025653839
2024-03-01,27.33341681341797,27.28115142280593,64.74916387959865,112.656,425.69451689,76.03,48.795,14.6,100.5,3.823287671232876,1.047100007534027
2024-03-04,26.83984375,27.28115142280593,63.23529411764706,111.817,404.20110499,76.13,48.67,13.94,100.5,3.816438356164384,1.235299944877625
2024-03-05,26.36317746074879,27.26526254649756,61.52304609218437,110.751,399.25202975,74.32,50.17,13.01,100.4,3.813698630136986,1.442899942398071
2024-03-06,25.75764781305276,27.25471018193265,60.68090787716955,110.7215,360.92756797,75.08,47.96,13.515,100.4,3.821917808219178,1.505200028419495
2024-03-07,25.30859375,27.25471018193265,59.63975983989326,110.111,343.39819741,75.05,47.78,12.67,100.5,3.827397260273973,1.591199994087219
2024-03-08,24.97840021983372,27.25397294760151,58.26666666666667,110.471,355.33249394,76.09,46.57,13.315,100.6,3.816438356164384,1.456500053405761
2024-03-11,25.88874871575342,27.26055102979329,60.82611592271818,111.497,374.20503392,77.94,43.09,14.02,100.6,3.816438356164384,1.271600008010864
2024-03-12,26.13244246524721,27.28801265363487,61.45139813581891,111.7,411.6255111,78.26,42.35,14.22,100.5,3.813698630136986,1.197700023651123
2024-03-13,25.8715410650314,27.31300958110185,60.74517631403859,111.995,434.81289013,78.005,42.83,14.82,100.45,3.812328767123287,1.09060001373291
2024-03-14,25.9199328940409,27.38442921923654,60.90425531914894,111.606,378.40008947,77.61,43.68,14.86,100.5,3.80958904109589,1.192200005054473
2024-03-15,25.69140625,27.38514518966917,60.53156146179401,112.0605,375.35514914,78.32,41.795,15.035,100.5,3.806849315068494,1.097699999809265
2024-03-18,25.69140625,27.37792937056458,60.55776892430279,112.811,417.52966643,80.36,41.16,15.575,100.5,3.798630136986302,0.8472000062465668
2024-03-19,25.69140625,27.39225640610858,60.58394160583942,113.185,387.18589772,79.9,41.12,15.935,100.55,3.795890410958904,0.8417499959468842
2024-03-20,26.47405662739196,27.44097174215403,62.59946949602122,114.321,420.60948941,81.22,40.71,16.475,100.5,3.793150684931507,0.7186999917030334
2024-03-21,26.45703125,27.46649257548737,62.55798542080848,113.931,413.55695757,80.54,40.23,16.19,100.5,3.791780821917808,0.7529000043869019
2024-03-22,26.45703125,27.47182789203081,62.58278145695364,113.397,432.75101193,80.53,41.27,15.2,100.5,3.789041095890411,0.901199996471405
2024-03-25,26.45703125,27.43010519238245,62.60754467240238,112.378,462.21897527,77.95,44.67,14.48,100.6,3.780821917808219,1.028499960899353
2024-03-26,25.95890477758531,27.35050347032234,60.84656084656085,112.281,555.05661558,78.06,43.9,13.96,100.6,3.778082191780822,1.130100011825562
2024-03-27,25.42337206767158,27.17946585567589,59.48446794448117,111.079,478.98246958,75.495,47.115,12.78,100.6,3.775342465753424,1.366549968719482
2024-03-28,25.30859375,27.00082002234256,59.18097754293263,111.635,546.08863137,76.83,45.745,13.095,100.7,3.772602739726028,1.179700016975402
2024-03-29,24.99219161810355,26.84346078267324,57.75577557755776,112.304,505.23929725,78.375,44.405,13.74,100.7,3.76986301369863,0.9998500049114227
2024-04-01,25.76677508859934,26.72940927078745,60.62005277044855,113.5,503.81715154,80.24,42.255,14.39,100.9,3.761643835616439,0.7466000020503998
2024-04-02,25.69140625,26.57628427078744,60.44825313117996,113.875,568.54388899,81.005,40.97,14.49,100.9,3.758904109589041,0.6674499809741974
2024-04-03,26.45703125,26.44349588916329,62.77997364953887,113.83,530.32727073,79.905,43.02,14.335,101.0,3.756164383561644,0.7071999907493591
2024-04-08,26.63427868150685,26.33456038688018,63.00197498354181,113.0,420.70496879,77.22,45.675,13.365,101.0,3.742465753424657,0.9196999967098236
2024-04-09,26.6484375,26.25161767854685,63.02631578947368,113.835,438.43680658,79.33,44.23,13.87,101.15,3.73972602739726,0.7145000100135803
2024-04-10,27.22265625,26.20057601188018,65.02301117685732,113.395,457.35491081,77.545,45.45,13.08,101.2,3.736986301369863,0.8728000223636627
2024-04-11,27.4252738249882,26.16891210101192,65.37450722733246,113.48,440.79808685,77.825,46.355,13.29,101.3,3.734246575342466,0.7891499996185303
2024-04-12,28.32571021672144,26.2079081939351,67.69533814839134,113.8755,430.13053203,77.51,48.15,13.5,101.4,3.757534246575343,0.7026000022888184
2024-04-15,27.98470183549166,26.23841490617287,66.66666666666666,112.18,516.12831114,74.44,50.22,11.39,101.5,3.775342465753424,1.160199999809265
2024-04-16,28.37109375,26.27300413739227,68.26229508196721,110.4,480.44807078,69.65,57.315,10.165,101.5,3.772602739726028,1.723849952220917
2024-04-17,28.30013903082652,26.32168064675315,67.62778505897772,112.155,568.55302173,74.095,50.425,11.555,101.6,3.76986301369863,1.196749985218049
2024-04-18,28.27067099184083,26.38526376445622,67.58349705304518,112.4,574.10886159,73.485,51.26000000000001,11.66,101.7,3.767123287671233,1.178200006484985
2024-04-19,27.22265625,26.43409737902113,64.79057591623037,112.029,501.36209156,73.015,52.015,11.195,101.8,3.764383561643835,1.164499998092651
2024-04-22,26.48151589000417,26.47319478368793,62.45912361020275,111.62,411.82873819,71.84,52.58,10.29,101.9,3.73013698630137,1.238299965858459
2024-04-23,26.47826057743298,26.52319012894124,62.41830065359477,111.968,396.488675,73.12,52.51,10.03,102.0,3.727397260273972,1.18939995765686
2024-04-24,27.22265625,26.56765371341613,64.85956890920967,112.5525,432.57338496,74.66,50.24,10.73,102.0,3.724657534246575,1.04069995880127
2024-04-25,26.98113615143446,26.59594350295571,63.64229765013055,112.7,423.78200676,74.52,49.94,11.16,102.0,3.721917808219178,0.9822999835014343
2024-04-26,27.98828125,26.66650150912132,67.44944553163731,113.3825,471.58073417,75.38,49.97,12.24,101.8,3.719178082191781,0.7663000226020813
2024-04-29,27.60546875,26.7226860376533,65.97131681877445,114.223,467.83825684,77.64,46.05,13.515,101.65,3.736986301369863,0.6250999867916107
2024-04-30,28.27614141795466,26.80884387658512,67.75244299674267,114.457,485.81581251,77.655,46.295,13.56,101.8,3.734246575342466,0.5628499984741211
2024-05-06,29.13671875,26.92368762658512,70.44270833333334,115.938,558.99206511,79.56,44.81,14.5,101.9,3.717808219178082,0.1824000030755997
2024-05-07,29.85212090640362,27.06237811513191,71.89329863370202,116.762,556.89276762,80.23,44.745,15.155,102.1,3.715068493150685,0.02130000083707273
2024-05-08,29.02526956211589,27.14741854628937,69.70091027308193,115.8,542.76151363,79.55,45.255,13.97,102.15,3.712328767123288,0.15259999781847
2024-05-09,29.51953125,27.2495018796227,71.53996101364523,117.223,656.28807009,80.71,44.55,15.88,102.2,3.683561643835616,-0.03755000047385693
2024-05-10,29.90234375,27.3643456296227,72.92207792207792,117.2495,598.01452113,79.935,46.495,15.62,102.15,3.706849315068493,-0.04629999957978725
2024-05-13,29.65549314048922,27.47096102597235,71.57689811810512,116.5085,583.38733057,78.65,47.47,14.815,102.2,3.672602739726027,0.00795000046491623
2024-05-14,29.6367746759319,27.59355668925057,71.53047989623865,116.7685,557.66870371,79.22,46.16,15.07,102.3,3.66986301369863,-0.09080000221729279
2024-05-15,29.51953125,27.73009532866151,71.41931302657161,116.726,607.7905787,78.87,47.355,15.31,102.35,3.667123287671233,0.03914999961853027
2024-05-16,29.60508029112754,27.8733115466991,71.50259067357513,116.8315,669.48148817,79.33,46.355,14.85,102.4,3.664383561643835,-0.000699999975040555
2024-05-17,29.41025157221671,28.0205802118362,70.35598705501617,116.726,751.12933861,80.43,44.355,15.245,102.4,3.661643835616438,-0.05970000103116035
2024-05-20,29.90234375,28.15843250054956,73.02716688227684,117.177,662.0172068,81.3,45.165,15.845,102.5,3.653424657534246,-0.1507000029087066
2024-05-21,29.42606153123373,28.28292100992401,70.39431157078216,116.5645,634.73496455,80.67,44.685,15.48,102.5,3.650684931506849,-0.04009999893605709
2024-05-22,29.13671875,28.37224392659068,70.02583979328165,116.5985,653.18412031,81.445,44.47,15.09,102.6,3.647945205479452,-0.1034500002861023
2024-05-23,28.95025999596123,28.44944330373916,69.20593931568753,115.7425,651.86317904,79.91499999999999,45.79000000000001,14.225,102.6,3.645205479452055,0.09520000219345093
2024-05-24,28.75390625,28.51962559540583,69.09677419354838,115.5,701.7932697,78.75999999999999,46.79,13.99,102.7,3.616438356164383,0.1986999958753586
2024-05-27,29.13671875,28.58342767873916,70.08381689232753,115.798,718.35477301,79.49000000000001,45.55,14.115,102.75,3.608219178082192,0.000199999994947575
2024-05-28,29.7109375,28.65961646790622,71.77835051546391,115.584,818.47638886,78.66,46.83,13.98,102.7,3.605479452054794,0.1657000035047531
2024-05-29,29.48566324236025,28.69828156876084,70.4443013522215,115.495,832.08580142,79.57,46.2,13.58,102.9,3.602739726027397,0.07959999889135361
2024-05-30,30.28515625,28.77496338257779,74.32432432432432,115.986,897.60385564,79.42,46.17,13.76,103.0,3.6,0.0
2024-05-31,29.90234375,28.82600504924445,73.11897106109325,116.0,1061.50956933,79.7,46.09,13.85,103.0,3.597260273972603,0.05700000002980232
2024-06-03,29.51953125,28.86665145655024,71.33676092544987,114.9,1141.40432599,78.33,46.84,12.6,103.0,3.589041095890411,0.3025999963283539
2024-06-04,29.32121724920187,28.90166966512894,69.94219653179191,115.1725,985.13075183,77.875,47.04,12.76,103.1,3.612328767123288,0.2315999940037727
2024-06-05,30.28515625,29.00375299846228,74.39024390243902,114.467,994.44173925,76.43,49.25,12.52,103.2,3.635616438356164,0.3725000023841858
2024-06-06,30.0044439738355,29.12118393458999,73.12379730596537,113.973,1010.48864145,73.75,53.42,11.65,103.2,3.632876712328767,0.511900007724762
2024-06-07,30.15891289396821,29.24387234514116,73.3974358974359,114.08,822.96542025,75.6,51.46,12.03,103.3,3.63013698630137,0.420199990272522
2024-06-11,30.66796875,29.35871609514116,75.65663036515055,114.595,660.18742349,76.35,50.22,12.51,103.4,3.619178082191781,0.2851999998092651
2024-06-12,31.05078125,29.49437093176001,76.76056338028168,114.8,733.02417425,77.33,49.24,12.85,103.5,3.616438356164383,0.2387000024318695
2024-06-13,30.28515625,29.57093343176001,74.34420985284709,114.644,682.63391744,75.985,49.705,11.995,103.55,3.613698630136986,0.3140499889850616
2024-06-14,30.49495929453863,29.66724978324463,74.61636828644501,114.475,652.35093484,76.825,49.83,11.85,103.6,3.610958904109589,0.2724500000476837
2024-06-17,29.65984226181829,29.71337314470675,71.30990415335464,114.4595,632.33689294,76.14,49.61,11.205,103.6,3.602739726027397,0.4623000025749207
2024-06-18,29.24659549295487,29.71703570280525,69.54022988505747,114.405,581.9993735,76.63999999999999,48.21,11.605,103.7,3.6,0.3939500004053116
2024-06-19,29.17249127730583,29.69438138183532,69.43203573707721,114.02,567.13378429,75.72,48.36,10.98,103.8,3.597260273972603,0.5305500030517578
2024-06-20,27.98828125,29.65981510476479,66.07142857142857,112.894,615.03449854,74.345,49.875,9.195,103.9,3.594520547945205,0.9668000042438507
2024-06-21,27.59612362798031,29.59570151736414,63.92606755895475,112.486,572.45990762,74.4,48.43,8.61,103.85,3.591780821917808,1.126600027084351
2024-06-24,25.62246304376829,29.45303882715642,57.77070063694267,110.199,603.49117108,71.36000000000001,50.30500000000001,6.460000000000001,103.85,3.583561643835616,1.775849997997284
2024-06-25,26.59742478958247,29.35110321545952,61.04392106938256,111.0405,598.22845903,71.315,52.065,7.27,103.95,3.580821917808219,1.453949987888336
2024-06-26,27.98828125,29.29615343459512,66.15776081424937,112.658,648.62570824,73.22,51.07,9.41,103.9,3.578082191780822,1.039899945259094
2024-06-27,27.91103687457723,29.24253695541437,64.97139224411951,112.022,557.62031149,71.975,53.02,8.29,103.9,3.579452054794521,1.104449987411499
2024-06-28,28.24147772401595,29.19708353651065,66.39135959339264,112.22,619.04169645,72.32,52.945,8.535,104.0,3.576712328767123,1.035600006580353
2024-07-01,28.37109375,29.16244494243676,67.23809523809524,112.7575,495.26040561,73.02,51.745,8.84,103.9,3.568493150684931,0.9689000248908997
2024-07-02,28.3596364591091,29.11102136607373,66.75126903553299,112.287,591.67928213,72.83,52.125,8.84,103.85,3.565753424657534,1.06454998254776
2024-07-03,27.22265625,29.03757452336594,63.22130627774255,111.639,649.53914598,72.345,53.58,8.02,103.95,3.587671232876713,1.228900015354156
2024-07-04,26.45703125,28.94825160669927,60.51964512040557,110.585,691.69422922,70.8,55.92,6.97,104.0,3.564383561643836,1.523699998855591
2024-07-05,26.83984375,28.87790439850056,61.81127295756809,111.064,620.02918789,70.47,54.74,7.51,104.0,3.561643835616438,1.404399991035461
2024-07-08,26.04119623011824,28.78748073117117,58.67088607594937,109.9,471.18131283,68.76,56.6,6.14,103.9,3.553424657534247,1.729599952697754
2024-07-09,26.83984375,28.71091823117117,61.8595825426945,110.448,696.56136416,70.38,53.79,7.07,104.0,3.550684931506849,1.589800000190735
2024-07-10,26.85528732715101,28.6157298920762,61.88369152970922,110.367,875.00282157,70.51,54.44,6.82,104.0,3.547945205479452,1.581699967384338
2024-07-11,27.22265625,28.54029632566419,63.36070751737208,111.498,801.12171054,72.44,50.55,7.8,104.0,3.545205479452055,1.367200016975403
2024-07-12,26.83984375,28.42545257566419,61.80555555555556,111.3105,748.48787503,72.14,50.73,7.54,104.1,3.563013698630137,1.419950008392334
2024-07-15,24.92578125,28.25956715899753,55.14195583596214,110.366,695.78557484,72.1,51.55,6.735,104.15,3.554794520547945,1.692950010299683
2024-07-16,24.85429713970597,28.10405935532106,54.85498108448928,110.3705,649.85116712,72.105,51.59999999999999,6.130000000000001,104.2,3.552054794520547,1.734549999237061
2024-07-17,24.21205047580445,27.93375379620781,53.68620037807184,109.564,629.28594392,71.12,51.66,5.28,104.2,3.56986301369863,1.873600006103516
2024-07-18,24.09046884555601,27.72726421605968,52.77078085642317,109.574,653.62771814,71.37,52.17,5.22,104.2,3.567123287671233,1.872300028800964
2024-07-19,24.54296875,27.54521504193183,54.68848332284456,109.918,658.50631059,71.78999999999999,51.36499999999999,5.685,104.2,3.571232876712329,1.739149987697601
2024-07-22,23.22111200504172,27.31395501230095,49.43396226415094,109.4,563.00369745,72.11,50.595,4.885,104.3,3.563013698630137,1.867400050163269
2024-07-23,22.18222375921688,27.03109684594151,44.12319296040226,108.2195,750.72388043,70.125,51.0,3.535,104.3,3.56027397260274,2.195850014686584
2024-07-24,20.06166165511696,26.66479285944541,33.29145728643216,106.892,767.14960897,69.285,51.785,1.95,104.4,3.572602739726028,2.514050006866455
2024-07-25,19.94921875,26.32026160944541,32.64281230382926,107.1535,817.42716245,69.37,50.605,2.08,104.5,3.56986301369863,2.51639997959137
2024-07-26,21.61451184035452,26.02424669430593,41.40526976160601,108.583,682.92551079,71.0,49.7,3.76,104.6,3.580821917808219,2.146699905395508
2024-07-29,22.0349215524717,25.77008267066105,43.8244514106583,108.055,568.51009311,70.785,48.835,3.215,104.7,3.572602739726027,2.290250062942505
2024-07-30,21.09765625,25.49845136256255,39.09774436090225,107.752,535.93413141,70.895,48.98999999999999,2.875,104.7,3.56986301369863,2.297600030899048
2024-07-31,21.48046875,25.24205061165236,41.01440200375704,109.385,581.33865969,73.33500000000001,46.11499999999999,4.305,104.75,3.567123287671233,1.986850023269653
2024-08-01,22.24609375,25.05064436165236,45.1188986232791,109.4995,512.54793971,73.38999999999999,46.97,4.465,104.8,3.564383561643836,1.957800030708313
2024-08-02,20.75903739274571,24.82274148714454,36.89806128830519,109.2015,477.89151818,71.815,48.44,3.995,104.85,3.563013698630137,2.024850010871887
2024-08-05,21.00919310484355,24.66896582251372,38.125,107.8345,466.71073425,70.385,51.41,2.65,105.0,3.554794520547945,2.331949949264526
2024-08-06,20.7766590172404,24.47494029676898,36.97688944409744,108.3245,406.91651008,71.96,49.2,3.025,104.9,3.552054794520548,2.182199954986572
2024-08-07,21.16115264703129,24.24736934333669,39.32584269662922,108.383,433.65410149,72.08500000000001,48.555,3.305,104.95,3.549315068493151,2.077049970626831
2024-08-08,21.09765625,24.02025665585078,39.17654398003743,108.092,484.59010127,72.08,49.265,3.01,104.9,3.546575342465753,2.142500042915344
2024-08-09,21.48046875,23.79488969005025,41.20947630922693,108.202,396.97504515,70.935,49.855,2.85,104.8,3.543835616438357,2.218850016593933
2024-08-12,20.69295381161921,23.53895169210422,35.95015576323988,107.686,339.20664667,70.65,50.92,2.71,104.6,3.536986301369863,2.270400047302246
2024-08-13,19.86421433907406,23.25577095476972,31.13325031133251,107.559,381.62918361,71.58500000000001,49.02,2.65,104.6,3.534246575342466,2.299499988555909
2024-08-14,19.50517382845003,22.99852154071806,27.56689483509645,107.1,489.86535264,71.1,48.825,1.975,104.7,3.531506849315068,2.423050045967102
2024-08-15,18.07486794532885,22.71911609722902,9.577114427860696,106.6875,524.78596137,71.57,46.63,1.615,104.7,3.535616438356165,2.564549922943115
2024-08-16,15.451171875,22.33949370139568,0.435052827843381,105.3765,588.34630625,71.45,44.18,0.17,104.7,3.532876712328767,3.156099915504456
2024-08-19,16.025390625,22.00563351455841,0.8695652173913043,105.846,432.49581887,71.115,45.785,0.65,104.75,3.524657534246575,2.993499994277954
2024-08-20,13.99614649988967,21.57751027288807,0.06207324643078833,104.318,442.71999205,69.52,46.17,-0.325,104.7,3.521917808219178,3.46969997882843
2024-08-21,15.04057852900904,21.18368664628333,0.2481389578163772,104.6095,428.8231388,69.315,47.265,0.055,104.7,3.519178082191781,3.35605001449585
2024-08-22,15.44500524052834,20.79109827930095,0.5579665220086795,104.085,447.47724822,68.53,48.42,-0.14,104.6,3.523287671232877,3.481899976730347
2024-08-23,15.068359375,20.39871546680094,0.3717472118959108,104.3,507.25697748,68.37,49.65,-0.18,104.6,3.520547945205479,3.414400100708008
2024-08-26,17.173828125,20.14031702930095,4.024767801857585,105.724,455.29666168,68.96,49.04,0.73,104.5,3.512328767123288,3.040600061416626
2024-08-27,17.556640625,19.89706181214408,6.311881188118812,105.3,418.48045525,68.05,49.82,0.51,104.4,3.50958904109589,3.27049994468689
2024-08-28,17.57655590891377,19.67587865991439,6.369820655534941,105.5475,335.09970597,68.60499999999999,49.455,0.94,104.3,3.515068493150684,3.196099996566772
2024-08-29,18.4816662532902,19.48891857350553,14.02966625463535,106.4045,421.17603033,69.78999999999999,50.015,1.96,104.35,3.512328767123288,2.853600025177002
2024-08-30,20.04923318617187,19.33912738804459,33.53922174181593,107.4495,494.89347019,70.785,48.92,2.645,104.4,3.50958904109589,2.542650103569031
2024-09-02,19.10480706448439,19.20191722335935,22.8395061728395,106.529,413.01076411,69.62,49.43,2.04,104.4,3.506849315068493,2.785500049591064
2024-09-03,19.19969405290068,19.10249956648214,26.15669339913634,106.641,426.62747917,70.66,48.1,2.21,104.4,3.526027397260274,2.713399887084961
2024-09-04,19.50707503141001,19.08401334569191,28.1750924784217,106.804,367.73056463,70.66,47.78,2.25,104.5,3.523287671232877,2.661400079727173
2024-09-05,20.33203125,19.09677376235857,35.48983364140481,107.408,418.87472221,71.555,48.605,2.64,104.5,3.520547945205479,2.430750012397766
2024-09-06,19.77283823147605,19.03538464206263,31.52709359605911,107.0005,400.31502175,70.265,50.67,2.175,104.6,3.517808219178082,2.618000030517578
2024-09-09,19.3518904423329,18.94595027172467,27.44615384615385,106.6875,338.61646903,69.545,49.995,1.965,104.6,3.50958904109589,2.709450006484985
2024-09-10,18.705078125,18.866197667558,18.01968019680197,106.55,455.48446771,70.22,48.72,1.23,104.6,3.506849315068493,2.853800058364868
2024-09-11,18.37933234118563,18.76282645393086,13.33743085433313,106.472,372.78091287,69.66,49.12,1.14,104.6,3.504109589041096,2.880599975585938
2024-09-12,17.8932071523669,18.61773023400975,8.415233415233416,106.298,370.47661176,69.355,49.01,1.095,104.55,3.505479452054795,2.882200002670288
2024-09-13,17.556640625,18.51098367508489,6.322897483118478,105.8305,371.46979409,68.44,51.085,0.665,104.55,3.502739726027397,3.040700078010559
2024-09-18,17.71294002503819,18.40110857242471,7.361963190184049,105.45,313.99039227,68.49000000000001,51.28,0.365,104.6,3.489041095890411,3.221749901771545
2024-09-19,17.71465789132627,18.29904186822758,7.541385652973635,106.221,406.96147025,69.705,48.645,0.98,104.6,3.486301369863014,3.037999987602234
2024-09-20,17.06890449564885,18.16263359651483,3.615196078431373,105.8,381.67793321,69.405,48.36,0.49,104.6,3.483561643835617,3.173150062561035
2024-09-23,16.99775117423203,18.02597009398923,3.490508266993264,105.698,307.05388706,69.235,48.165,0.485,104.55,3.475342465753425,3.138999938964844
2024-09-24,19.65884786933415,17.96524939796704,31.21175030599755,107.7485,462.02390413,71.78,46.63500000000001,2.905,104.55,3.472602739726027,2.481500029563904
2024-09-25,19.87680634812624,17.93804448251727,32.23241590214067,108.089,561.12701675,72.765,45.64,2.94,104.6,3.46986301369863,2.40404999256134
2024-09-26,21.48046875,17.99191962954814,42.35941320293399,109.5465,520.22656745,75.435,42.745,4.79,104.55,3.467123287671233,2.018700003623962
2024-09-27,21.52655233016996,18.0592989129388,42.57788637751985,110.8025,827.20828949,79.27,37.85,6.965,104.2,3.464383561643836,1.633249998092651
2024-09-30,20.47152584593479,18.13918750962567,36.32478632478632,113.7975,1162.21932856,87.65,28.215,10.35,103.8,3.456164383561644,0.6778999865055084
2024-10-08,20.33203125,18.30188282212567,35.93654667480171,116.919,1529.85306493,95.17,23.68,14.26,103.6,3.438356164383562,-0.1836999952793121
2024-10-09,17.35030472980339,18.34604662561911,4.695121951219512,112.3385,1224.10578828,86.775,29.215,8.745000000000001,103.4,3.431506849315069,1.072899997234344
2024-10-10,18.05041326992753,18.48118885128704,10.17672151127361,112.345,1062.83123394,87.16499999999999,28.895,8.94,103.4,3.428767123287671,1.109000027179718
2024-10-11,17.4609375,18.5618674836534,5.663824604141291,110.3945,929.73794068,83.765,31.805,7.055,103.5,3.426027397260274,1.672550022602082
2024-10-14,19.23432015587854,18.68817798083175,26.90200852099817,112.425,984.85042828,85.81,30.1,8.71,103.7,3.417808219178082,1.142899990081787
2024-10-15,18.88344484419352,18.81534749647153,20.19464720194647,112.5065,1017.33085879,84.72,32.045,8.305,103.8,3.415068493150685,1.221000015735626
2024-10-16,19.72972984076801,18.90054422033046,31.79331306990881,112.769,905.82884749,85.33500000000001,32.97,8.705,103.9,3.412328767123288,1.003949999809265
2024-10-17,20.10725214041096,18.98556460417749,34.56865127582017,112.8305,809.06605391,84.9,33.77,8.469999999999999,103.9,3.409589041095891,1.078299999237061
2024-10-18,21.09765625,19.10293461554703,40.61930783242259,113.901,941.7635645,86.88,31.595,9.865,103.9,3.410958904109589,0.6990500092506409
2024-10-21,21.09765625,19.19013428210403,40.65533980582524,114.7705,943.96490767,87.91499999999999,32.685,10.62,103.9,3.408219178082192,0.4952999949455261
2024-10-22,20.71484375,19.2123213008983,38.14432989690721,114.9915,841.6273059,88.305,30.285,10.855,103.9,3.405479452054794,0.466049998998642
2024-10-23,21.48046875,19.29151002374882,42.78787878787879,115.662,933.49520454,89.19,30.225,11.36,103.8,3.402739726027398,0.1209999956190586
2024-10-24,20.40974574247678,19.33184508006802,36.52331920048456,114.7,798.49460333,88.41,29.155,10.37,103.7,3.4,0.4398500025272369
2024-10-25,21.09917809194773,19.38491518208595,40.73849878934624,115.705,849.19106727,90.35,28.14,12.12,103.7,3.391780821917808,0.08569999784231186
2024-10-28,20.77488661488228,19.39967702758203,38.35450695704779,116.599,792.75132138,92.77,27.06,13.07,103.6,3.383561643835617,-0.1238000020384789
2024-10-29,19.9724242741576,19.40632989567141,33.73639661426844,115.2785,850.33630889,91.97999999999999,27.63,11.55,103.6,3.386301369863014,0.2172999978065491
2024-10-30,20.33203125,19.43900125592698,36.13293051359517,114.883,750.07137908,91.535,26.505,11.67,103.6,3.383561643835616,0.4099999964237213
2024-10-31,19.33927819342287,19.46014125820774,27.71739130434783,115.017,832.78241821,91.025,26.945,11.945,103.6,3.38082191780822,0.2655500024557114
2024-11-01,19.94921875,19.51247080516822,33.55461677730839,114.61,767.17654269,89.5,28.55,10.61,103.6,3.383561643835617,0.6204000115394592
2024-11-04,20.08602316987634,19.58556467241853,34.37876960193005,115.198,650.46318825,91.26,26.76,12.23,103.6,3.375342465753425,0.2329999953508377
2024-11-05,20.57548130399793,19.6861926950518,37.19107896323086,116.366,807.07380515,93.88,24.8,13.35,103.6,3.372602739726027,-0.04250000044703484
2024-11-06,20.71484375,19.78625615255053,38.37349397590362,116.475,879.06612979,94.27,24.2,13.335,103.7,3.364383561643836,0.02359999995678664
2024-11-07,21.29037381764803,19.90544668342792,41.48103552077062,117.746,851.33162692,97.35,22.33,14.45,103.7,3.367123287671233,-0.3359000086784363
2024-11-08,20.71484375,20.02697799190629,38.38748495788207,117.3085,858.25058956,96.86500000000001,22.355,13.885,103.7,3.365753424657535,-0.2883999943733215
2024-11-11,21.09765625,20.16364149443189,41.01022248947685,119.04,833.0952403,98.97,21.3,15.91,103.8,3.361643835616438,-0.7993500232696533
2024-11-12,20.71484375,20.19884135712075,38.40144230769231,118.4565,902.89166578,98.78999999999999,22.15,15.27,103.8,3.358904109589041,-0.6039499938488007
2024-11-13,20.33203125,20.21401552051654,36.15615615615616,118.316,818.77290136,98.21000000000001,21.645,14.79,103.8,3.352054794520548,-0.5550499856472015
2024-11-14,19.60071978501613,20.15135722168375,30.79231692677071,116.7195,793.47918632,95.41499999999999,23.165,13.37,103.8,3.349315068493151,-0.1684999987483025
2024-11-15,20.71484375,20.12430026901141,38.5122975404919,115.775,929.3136695,92.99,24.22,12.11,103.9,3.347945205479452,0.07320000231266022
2024-11-18,19.94921875,20.10689003248025,33.45323741007194,115.093,883.58897015,91.44,24.82,11.13,103.9,3.33972602739726,0.4677999913692474
2024-11-19,19.95477002599019,20.09431465834659,33.49310964649491,116.229,883.63155712,94.69,22.54,12.24,103.9,3.342465753424658,0.05530000105500221
2024-11-20,20.71484375,20.20646595901981,38.62275449101796,117.311,932.38682793,96.01,21.82,13.08,103.9,3.353424657534247,-0.2111999988555908
2024-11-21,20.80162874276558,20.29817314144775,39.01855176540995,117.082,844.38774962,95.98,21.57,13.33,104.0,3.350684931506849,-0.2020999938249588
2024-11-22,21.48046875,20.43215751644775,43.54066985645933,116.109,830.40975245,92.12,25.43,12.21,104.0,3.347945205479452,0.07500000298023224
2024-11-25,20.71484375,20.48150830291847,38.61326957561267,115.991,783.53940149,93.53,23.97,12.34,104.1,3.342465753424658,0.07599999755620956
2024-11-26,20.71484375,20.54255493311202,38.64994026284349,115.872,734.2209378,92.24,25.24,12.28,104.1,3.361643835616438,0.09484999999403954
2024-11-27,21.37957117144592,20.59754964413461,42.44776119402985,116.276,772.47603172,93.17,23.93,13.16,104.2,3.358904109589041,-0.02290000021457672
2024-11-28,22.14233875943168,20.66538586476863,46.77804295942721,116.822,757.64617016,93.16,24.12,13.51,104.2,3.356164383561644,-0.2538000047206879
2024-11-29,21.86328125,20.69090669810197,45.25939177101968,117.6745,847.02408013,94.49000000000001,23.735,14.06,104.3,3.357534246575343,-0.3867999911308289
2024-12-02,21.86328125,20.7164275314353,45.29201430274136,118.211,862.55769864,95.785,23.09,14.7,104.5,3.353424657534247,-0.6402999758720398
2024-12-03,22.24609375,20.76746919810197,47.76652769505658,118.841,859.68434324,95.52000000000001,23.48,14.565,104.5,3.354794520547945,-0.6942999958992004
2024-12-04,22.24609375,20.7929900314353,47.79761904761905,117.798,807.46624426,94.175,23.915,13.395,104.6,3.352054794520548,-0.4564000070095062
2024-12-05,22.57671692021857,20.86522240402669,48.8399762046401,118.451,782.47329511,94.46,23.99,13.76,104.7,3.353424657534247,-0.6474000215530396
2024-12-06,22.79804668620728,20.92185135716868,50.29726516052319,118.95,770.79187432,95.66,23.87,14.77,104.7,3.353424657534247,-0.8198000192642212
2024-12-09,22.62890625,20.9836520116726,49.49494949494949,119.1015,713.43569731,96.0,23.42,14.485,104.7,3.35068493150685,-0.8581500053405762
2024-12-10,23.39453125,21.09772224420068,53.14726840855107,119.65,904.61024005,96.44,23.47,14.99,104.8,3.353424657534247,-1.080399990081787
2024-12-11,24.16015625,21.22532641086735,56.08308605341247,120.921,782.54838805,97.61,23.06,16.43,104.8,3.350684931506849,-1.366899967193604
2024-12-12,25.28501422357959,21.42351761187258,58.36298932384341,122.084,732.2482082,98.1,23.63,17.2,104.9,3.347945205479452,-1.586300015449524
2024-12-13,25.04120346938137,21.59325043585195,58.03200948429165,121.275,626.09491183,97.38,25.35,16.05,105.0,3.345205479452055,-1.434000015258789
2024-12-16,23.77734375,21.71629445518941,54.62085308056872,119.747,625.94284441,96.07,24.7,14.6,105.1,3.33972602739726,-1.055899977684021
2024-12-17,23.83149227587076,21.82482815425184,54.82534043812907,118.4,604.96964534,93.17,26.16,12.96,105.1,3.336986301369863,-0.6596999764442444
2024-12-18,24.54886180019546,21.95262875592502,57.27810650887574,118.793,744.72069095,93.41,26.95,13.38,105.1,3.336986301369863,-0.8960000276565552
2024-12-19,24.54296875,22.06104858700342,57.24423418095801,118.735,696.54908131,93.33,27.15,13.38,105.0,3.335616438356165,-0.8097499907016754
2024-12-20,24.92578125,22.20141317033675,57.86052009456265,119.456,722.24600063,93.79,26.94,14.06,105.1,3.334246575342466,-1.012699961662292
2024-12-23,25.30859375,22.34177775367008,59.42114589486119,118.2525,643.89399984,90.91499999999999,29.8,12.77,105.1,3.326027397260274,-0.715149998664856
2024-12-24,25.30859375,22.49490275367008,59.44510035419126,118.99,696.60170586,91.66,28.66,13.25,105.1,3.323287671232876,-0.7893000245094299
2024-12-25,25.69140625,22.67354858700342,60.70796460176992,117.9,634.0846347,90.2,30.26,12.98,105.0,3.32054794520548,-0.640999972820282
2024-12-26,25.69140625,22.87657146916955,60.73113207547169,118.276,696.41454043,90.62,29.64,13.31,105.0,3.317808219178082,-0.691100001335144
2024-12-27,25.69140625,23.04245688583621,60.75427224513847,118.783,632.20737984,91.91,29.3,14.04,105.1,3.315068493150685,-0.8844000101089478
2024-12-30,26.45703125,23.25938396916955,63.01531213191991,118.59,605.87598551,91.25,29.81,13.71,105.1,3.306849315068493,-0.8323000073432922
2024-12-31,25.3453695578948,23.43907062023304,59.32901706886404,117.55,523.86560623,89.11,31.415,12.47,105.2,3.304109589041096,-0.4316000044345856
2025-01-02,25.1171875,23.5858154118997,57.94117647058824,116.8535,507.4805658,86.83500000000001,32.775,11.265,105.4,3.298630136986302,-0.2534999996423721
2025-01-03,26.83984375,23.78708924547418,64.43268665490888,116.6925,499.298469,84.095,37.05500000000001,10.9,105.4,3.295890410958904,-0.108899999409914
2025-01-06,26.23163966111469,23.945461609178,61.8683901292597,116.2,483.07318069,84.59,36.36,10.58,105.5,3.287671232876712,-0.04820000007748604
2025-01-07,27.29096333960063,24.16466559549803,66.0598943041691,117.404,529.92683064,85.86,36.11,11.68,105.5,3.284931506849315,-0.3973000049591064
2025-01-08,27.22265625,24.38159267883136,65.90375586854461,117.45,486.51715064,85.29,36.36,11.52,105.5,3.282191780821918,-0.3278999924659729
2025-01-09,27.98828125,24.60188301478316,68.62170087976538,117.903,479.82241907,84.78999999999999,37.02,11.92,105.4,3.283561643835617,-0.439750000834465
2025-01-10,27.98828125,24.79674776446877,68.6400937866354,117.26,437.36518651,82.83,39.54,11.62,105.4,3.276712328767123,-0.3147000074386597
2025-01-13,27.98828125,25.00091443113544,68.65846514352666,117.0255,416.99395877,83.235,39.1,11.445,105.4,3.268493150684932,-0.272149994969368
2025-01-14,28.75390625,25.23060193113544,70.96018735362998,118.6055,627.19214857,86.71,35.385,13.07,105.4,3.265753424657534,-0.6803500056266785
2025-01-15,29.13671875,25.46028943113544,71.9133996489175,118.642,466.65840628,86.19999999999999,36.475,13.185,105.4,3.263013698630137,-0.7269999980926514
2025-01-16,27.87641018690624,25.64796664569898,67.2514619883041,118.3735,486.98078188,86.53999999999999,35.805,12.825,105.4,3.26027397260274,-0.7208999991416931
2025-01-17,29.13671875,25.86663337335836,71.94623027469316,118.694,466.63388485,87.0,35.48,13.61,105.4,3.257534246575343,-0.8489999771118164
2025-01-20,29.67320386733841,26.09580527939607,73.7733644859813,119.5435,513.32955797,87.825,35.825,14.195,105.4,3.253424657534247,-0.998650014400482
2025-01-21,29.90234375,26.33825319606273,75.189725627554,119.5885,522.09119649,87.39,36.045,14.48,105.4,3.25068493150685,-1.107050001621246
2025-01-22,30.28515625,26.56794069606273,76.5460910151692,119.762,474.04149111,86.61,37.34,14.5,105.4,3.247945205479452,-1.094349980354309
2025-01-23,29.90234375,26.75934694606273,75.1603498542274,119.759,527.58249496,86.9,37.52,14.44,105.4,3.249315068493151,-1.124199986457825
2025-01-24,31.03121294392862,26.9508869034077,77.97202797202797,120.132,644.40091163,87.86,36.08,14.85,105.4,3.276712328767123,-1.297099947929382
2025-01-27,29.90234375,27.11292491276165,75.13104251601631,119.318,433.07881105,87.72999999999999,36.2,14.09,105.45,3.253424657534246,-1.146099984645844
2025-02-05,30.35966917601516,27.33233576029549,76.60069848661234,119.9975,507.10164854,88.185,35.49,14.535,105.6,3.228767123287671,-1.367150008678436
2025-02-06,31.07889118707511,27.5739157240023,78.88307155322862,120.952,604.05387921,89.58,34.13,15.53,105.7,3.241095890410959,-1.63699996471405
2025-02-07,30.859375,27.78426616399579,77.84883720930232,121.5,677.46613599,90.64,33.18,16.13,105.7,3.238356164383561,-1.788699984550476
2025-02-10,31.05078125,28.00119324732912,78.84950610110401,122.005,582.50941235,91.54,31.97,16.71,105.7,3.23013698630137,-1.884400010108948
2025-02-11,30.28515625,28.17983908066246,76.36469221835075,121.358,572.72691611,91.43,31.81,15.93,105.6,3.263013698630137,-1.717300057411194
2025-02-12,30.66796875,28.35848491399579,77.65525246662797,121.604,640.42037151,92.435,31.365,16.595,105.65,3.261643835616439,-1.806100010871887
2025-02-13,31.02283266566643,28.54895954451801,77.90023201856148,121.317,642.86148446,91.3,32.23,16.25,105.6,3.26027397260274,-1.729099988937378
2025-02-14,30.66796875,28.71484496118467,77.62318840579711,121.85,717.75545036,91.91,31.95,16.79,105.6,3.257534246575343,-1.747300028800964
2025-02-17,31.00177707195885,28.89185732191663,77.86790266512168,122.49,746.67216834,92.28,31.62,17.2,105.5,3.249315068493151,-1.80019998550415
2025-02-18,30.28515625,29.04498232191663,76.20150550086856,121.2,717.17270218,91.16,31.97,15.91,105.5,3.246575342465754,-1.587399959564209
2025-02-19,31.00784491832355,29.19667611086075,77.89351851851852,122.072,810.64426557,92.56,30.435,17.01,105.5,3.258904109589041,-1.801550030708313
2025-02-20,31.69501234981181,29.40833087059132,80.62463851937535,122.598,825.39516813,93.465,30.935,17.755,105.4,3.256164383561644,-2.04925000667572
2025-02-21,32.19921875,29.64439857892465,83.9306358381503,123.4015,1005.1261442,93.49000000000001,30.34,18.73,105.2,3.253424657534246,-2.208349943161011
2025-02-24,31.45929130529069,29.798380164101,80.3004043905257,123.169,849.31925554,94.09,30.09,18.28,105.1,3.23013698630137,-2.1389000415802
2025-02-25,32.58980257287895,30.01031892782648,85.45034642032333,122.92,900.93865822,93.49,30.67,18.86,105.0,3.227397260273972,-2.126300096511841
2025-02-26,32.58203125,30.18668785817313,85.40103866128102,124.318,965.85035584,94.97,29.87,19.52,104.9,3.254794520547945,-2.459500074386597
2025-02-27,31.81640625,30.33981285817313,81.7762399077278,123.608,846.82556443,94.53999999999999,29.055,19.34,104.95,3.27945205479452,-2.310250043869019
2025-02-28,30.28515625,30.41637535817313,75.9077809798271,121.758,694.20722927,93.06,30.99,17.75,104.9,3.304109589041096,-1.794399976730347
2025-03-03,29.51953125,30.46741702483979,72.46543778801843,121.516,733.85258593,93.26,29.96,16.92,104.9,3.295890410958904,-1.739199995994568
2025-03-04,29.90234375,30.53121910817313,74.3811168681635,122.3,738.49864114,94.27,28.92,17.27,104.9,3.301369863013699,-1.833299994468689
2025-03-05,30.66796875,30.59502119150646,77.33026467203682,122.502,714.44128712,94.56,29.5,17.745,104.95,3.298630136986302,-1.990949988365174
2025-03-06,31.91476604360104,30.68762276795983,82.00115008625647,124.3,892.70197563,95.69,28.53,19.56,104.9,3.295890410958904,-2.238899946212769
2025-03-07,32.06085036784702,30.82710410732452,82.18390804597702,124.1,908.31186919,95.78,29.04,20.0,104.7,3.293150684931507,-2.317899942398071
2025-03-10,31.43359375,30.90366660732452,80.0689259046525,124.262,725.90422747,96.59,27.46,20.01,104.6,3.284931506849315,-2.325000047683716
2025-03-11,30.25654080000805,30.92311117174684,74.6268656716418,123.402,788.35734789,96.79,26.21,19.31,104.5,3.282191780821918,-2.237299919128418
2025-03-12,30.02182380236417,30.92709384015898,74.29718875502009,123.687,838.71399673,97.17,26.59,19.44,104.5,3.279452054794521,-2.218400001525879
2025-03-13,29.86440789168937,30.91306889488196,72.87844036697247,122.955,754.64043578,95.965,26.92,18.31,104.6,3.276712328767123,-2.026000022888184
2025-03-14,30.27535624396305,30.92550264468073,74.67048710601719,123.95,890.44141205,97.22999999999999,26.34,19.765,104.6,3.273972602739726,-2.244899988174438
2025-03-17,30.29106481011373,30.90083104022023,75.8877434135166,124.397,695.26946556,97.88,26.48,19.96,104.5,3.265753424657534,-2.360599994659424
2025-03-18,29.90234375,30.90083104022023,74.06983400114481,124.373,707.53495379,98.065,25.86,20.31,104.6,3.263013698630137,-2.435349941253662
2025-03-19,28.75390625,30.84730560935306,69.45080091533181,123.525,726.44646151,97.64500000000001,25.565,19.405,104.65,3.26027397260274,-2.117200016975403
2025-03-20,28.37109375,30.75704569478389,68.21040594625501,123.329,687.75499528,97.845,24.685,18.93,104.75,3.257534246575343,-2.152999997138977
2025-03-21,27.03125,30.62944152811723,63.14285714285715,121.609,627.7317126,96.57,25.69,17.2,104.9,3.254794520547945,-1.764400005340576
2025-03-24,26.45703125,30.47631652811723,61.33637921187892,120.324,584.45997898,95.92500000000001,26.52,15.965,104.9,3.246575342465754,-1.547450006008148
2025-03-25,27.22265625,30.37423319478389,64.26940639269407,120.932,603.58006334,95.75,26.79,16.11,105.0,3.243835616438356,-1.685500025749207
2025-03-26,26.83984375,30.24662902811723,62.69252709640616,121.8585,596.41660556,96.275,26.485,16.495,105.05,3.241095890410959,-1.818199992179871
2025-03-27,27.60546875,30.13271689759501,65.45039908779931,121.647,627.46541877,96.11000000000001,26.45,16.545,105.05,3.238356164383561,-1.756449997425079
2025-03-28,27.25618216810188,30.01899067819841,64.27350427350427,121.143,573.87579587,95.12,27.42,16.13,105.0,3.238356164383561,-1.555600047111511
2025-03-31,27.22265625,29.89301998413311,64.2369020501139,120.3825,622.10299868,93.065,29.44,15.36,105.1,3.228767123287671,-1.380050003528595
2025-04-01,27.98828125,29.81645748413311,67.2168468981218,121.009,605.22040251,93.61,28.49,15.985,105.05,3.231506849315068,-1.694350004196167
2025-04-02,28.40149682971014,29.72957921451266,68.43003412969283,121.1,630.84571086,94.7,28.41,16.21,105.1,3.232876712328767,-1.678799986839294
2025-04-03,27.60546875,29.59326109451894,65.43490619670267,120.495,700.78077193,93.63,28.81,15.32,105.25,3.231506849315068,-1.479550004005432
2025-04-07,26.07421875,29.38909442785227,59.71590909090909,115.049,967.16732775,82.14,39.535,9.495000000000001,105.5,3.220547945205479,0.2889499962329865
2025-04-08,27.60546875,29.26063367600925,65.47416240772289,116.098,968.20111537,82.14,39.35,10.91,105.4,3.219178082191781,-0.08980000019073486
2025-04-09,29.51953125,29.15829129857995,72.24744608399546,117.7375,1132.58240249,84.095,39.95,12.35,105.55,3.215068493150684,-0.6004500091075897
2025-04-10,30.28515625,29.08172879857995,76.0068065796937,119.341,960.64131227,85.85,38.57,14.09,105.5,3.210958904109589,-0.958899974822998
2025-04-11,29.13671875,28.99240588191328,70.63492063492063,118.625,859.666369,86.38,37.29,13.5,105.6,3.208219178082192,-0.7718999981880188
2025-04-14,28.75390625,28.94136421524662,69.57507082152975,119.109,718.98631463,87.505,36.14,14.075,105.55,3.201369863013698,-0.9642000198364258
2025-04-15,27.98828125,28.89032254857995,67.10079275198187,118.697,589.42806511,87.55,35.13,13.64,105.5,3.2,-0.8044999837875366
2025-04-16,27.60546875,28.81376004857995,65.3084323712507,117.479,531.6234424,85.945,35.67,12.335,105.55,3.2,-0.5124000012874603
2025-04-17,27.60546875,28.71167671524661,65.32805429864254,117.987,477.29835267,86.455,35.825,12.48,105.55,3.197260273972603,-0.5962499976158142
2025-04-18,27.60546875,28.56803347212658,65.34765404183153,117.777,452.92156944,86.6,36.24,12.34,105.6,3.191780821917808,-0.5748000144958496
2025-04-21,27.62716033208297,28.42024380426778,65.36723163841808,118.579,534.13672692,87.69,34.4,13.16,105.6,3.183561643835616,-0.6980999708175659
2025-04-22,27.98828125,28.30540005426778,67.19367588932806,119.1545,504.2209974,87.775,34.86499999999999,13.685,105.6,3.183561643835616,-0.9238499999046326
2025-04-23,28.5625,28.24893202760084,68.67945823927766,119.56,602.86476159,88.00999999999999,34.38,14.515,105.55,3.184931506849315,-1.129799962043762
2025-04-24,28.37109375,28.19390769252204,68.30231246474902,119.0375,560.492041,87.815,34.575,14.07,105.5,3.182191780821918,-0.9142999947071075
2025-04-25,28.75390625,28.15689097113239,69.72942502818489,119.447,618.27417028,87.79,34.71,14.09,105.5,3.180821917808219,-1.003499984741211
2025-04-28,27.60546875,28.06789472133363,65.1830985915493,118.1375,504.73486165,86.125,35.745,12.88,105.5,3.171232876712328,-0.725600004196167
2025-04-29,27.60546875,27.97837485266317,65.2027027027027,119.037,666.88787745,86.89500000000001,35.465,13.66,105.5,3.168493150684932,-0.8650999963283539
2025-04-30,27.60546875,27.90181235266317,65.22228474957794,119.445,653.15233213,88.37,34.73,14.19,105.6,3.167123287671233,-0.9747999906539917
2025-05-06,28.75390625,27.90181235266317,69.79752530933632,120.854,618.52360109,91.32,32.905,15.32,105.65,3.150684931506849,-1.354599952697754
2025-05-07,28.37109375,27.90181235266317,68.29679595278246,120.737,647.90754298,91.82,31.44,15.48,105.7,3.147945205479452,-1.353600025177002
2025-05-08,28.75390625,27.95923422766317,69.83146067415731,121.3745,631.40695829,92.63499999999999,31.615,15.905,105.85,3.145205479452055,-1.530099987983704
2025-05-09,28.15278985717242,28.01575951456891,67.15328467153284,120.6215,607.62869768,91.375,31.86,15.095,105.9,3.142465753424657,-1.390249967575073
2025-05-12,28.75390625,28.06680118123558,69.86531986531986,121.5655,629.99391305,92.435,31.02,15.86,106.0,3.134246575342466,-1.596350014209748
2025-05-13,28.75390625,28.13060326456891,69.88222097588334,121.5055,627.19328324,92.83500000000001,31.175,15.91,106.0,3.131506849315068,-1.562600016593933
2025-05-14,27.98828125,28.14336368123558,66.92825112107623,120.939,666.07036135,92.95,30.785,15.46,106.0,3.128767123287671,-1.5314000248909
2025-05-15,28.37109375,28.18052740063218,68.23529411764706,120.313,585.11403734,91.66,30.66,15.0,106.05,3.126027397260274,-1.39740002155304
2025-05-16,27.74108576763722,28.19780838455343,65.22956326987682,120.3,669.41725922,91.7,31.23,15.16,106.0,3.123287671232877,-1.446300029754639
2025-05-19,27.76765118278684,28.19045404897965,65.30498041410185,120.705,560.34466267,92.455,30.325,15.48,106.0,3.119178082191781,-1.565500020980835
2025-05-20,28.67838660326206,28.19968370809805,68.73601789709173,121.223,579.55920193,93.195,29.595,15.64,106.05,3.116438356164384,-1.676649987697601
2025-05-21,29.13671875,28.25072537476472,71.04527669088877,121.436,552.65312275,93.50999999999999,29.79,15.87,106.05,3.113698630136986,-1.66159999370575
2025-05-22,28.46697029278099,28.33048375952409,68.37988826815642,120.733,503.50500419,91.57,29.76,15.17,106.1,3.115068493150685,-1.366000056266785
2025-05-23,28.37109375,28.35600459285742,68.17420435510888,120.35,556.50830834,91.38,30.26,14.55,106.1,3.112328767123288,-1.331799983978271
2025-05-26,27.7395583929926,28.2966721642905,65.01116071428571,120.163,541.91414677,92.35,30.0,14.37,106.2,3.104109589041096,-1.371700048446655
2025-05-27,27.06660327842377,28.18938706523796,61.85164528722811,119.55,559.57262394,92.48,28.48,13.94,106.2,3.101369863013699,-1.210700035095215
2025-05-28,27.02847410318205,28.11911224367736,61.7056856187291,119.643,509.92936778,92.48,30.16,14.22,106.2,3.098630136986301,-1.12689995765686
2025-05-29,27.98828125,28.09359141034403,66.85236768802228,120.757,574.17605231,93.44,28.55,14.64,106.2,3.095890410958904,-1.46560001373291
2025-05-30,28.01354659962834,28.09443358866497,66.98218262806236,120.284,592.85357916,92.36,30.41,14.48,106.2,3.093150684931507,-1.414499998092651
2025-06-03,28.13860745836718,28.11220487894388,67.00055648302727,120.484,554.93287645,92.31,29.69,14.69,106.3,3.082191780821918,-1.595299959182739
2025-06-04,28.75390625,28.15048612894388,70.07786429365962,121.3495,650.77725711,92.965,29.91,15.515,106.3,3.080821917808219,-1.749700009822845
2025-06-05,29.13671875,28.20152779561055,71.20622568093385,121.9305,677.32712104,93.62,29.615,16.02,106.3,3.078082191780822,-1.841399967670441
2025-06-06,29.13671875,28.25184640954111,71.22222222222221,121.763,695.41935539,93.82,29.74,16.01,106.3,3.073972602739726,-1.832800030708313
2025-06-09,29.13671875,28.29012765954111,71.23820099944476,122.29,697.81291782,94.95,28.64,16.3,106.4,3.065753424657534,-2.035599946975708
2025-06-10,28.9453125,28.30288807620778,70.03329633740289,121.618,742.3501841,94.58,28.85,15.62,106.4,3.063013698630137,-1.85669994354248
2025-06-11,28.75390625,28.31564849287445,69.93899057127011,122.245,715.59656701,94.79,29.06,16.16,106.4,3.06027397260274,-2.086199998855591
2025-06-12,28.75390625,28.31564849287445,69.95565410199556,121.765,696.03689962,94.26,29.25,16.14,106.4,3.057534246575342,-2.000400066375732
2025-06-13,29.13671875,28.36669015954111,71.30193905817175,120.997,624.08170663,91.93,30.65,15.15,106.4,3.054794520547945,-1.733100056648254
2025-06-16,29.27431971923682,28.42231852518234,71.48394241417498,121.399,691.84598612,92.6,29.99,15.68,106.4,3.046575342465753,-1.809900045394897
2025-06-17,29.13671875,28.47336019184901,71.27836192584394,121.275,637.09319003,93.16499999999999,29.77,15.315,106.4,3.045205479452054,-1.814199984073639
2025-06-18,29.51953125,28.49888102518234,72.89823008849558,121.4,598.46766947,92.69,30.555,15.04,106.4,3.042465753424658,-1.696299970149993
2025-06-19,29.51953125,28.53716227518234,72.91321171918187,120.552,608.0206644,91.15,31.75,14.36,106.4,3.041095890410959,-1.631399989128113
2025-06-20,29.51953125,28.56268310851567,72.92817679558011,120.659,602.6570374,90.755,31.425,14.355,106.5,3.042465753424658,-1.595149993896484
2025-06-23,29.51953125,28.60824115494326,72.9431253451132,121.3065,561.30289737,91.89,30.635,14.945,106.5,3.034246575342466,-1.779699981212616
2025-06-24,29.98248674025723,28.64919383795183,74.94481236203092,122.1245,623.98369116,94.3,29.71,16.015,106.5,3.031506849315068,-1.940950036048889
2025-06-25,31.05078125,28.72575633795184,79.42636514065086,123.221,660.33642496,95.0,29.58,17.01,106.5,3.028767123287671,-2.273400068283081
2025-06-26,31.05078125,28.82783967128517,79.43770672546859,122.935,678.58503147,94.725,30.175,16.655,106.5,3.026027397260274,-2.178900003433228
2025-06-27,31.43359375,28.9299230046185,80.88154269972452,123.473,651.70440977,94.91,29.915,16.835,106.5,3.023287671232877,-2.332099914550781
2025-06-30,31.81640625,29.06576702069726,82.48898678414098,124.261,582.86015433,95.75,29.41,17.62,106.5,3.019178082191781,-2.629400014877319
2025-07-01,32.19921875,29.21348593960436,84.58998348926802,124.867,646.06552953,96.49,29.24,18.08,106.6,3.016438356164384,-2.77649998664856
2025-07-02,31.05078125,29.2925657611623,79.31793179317933,123.922,666.71850151,95.93,28.49,17.09,106.6,3.013698630136986,-2.538500070571899
2025-07-03,32.19921875,29.39464909449563,84.60692688290268,124.899,679.12916929,97.19,27.61,18.15,106.7,3.010958904109589,-2.762399911880493
2025-07-04,32.96484375,29.54457820973626,88.2967032967033,124.84,828.88588779,96.71,28.47,18.08,106.7,3.008219178082192,-2.801500082015991
2025-07-07,31.81640625,29.65942195973626,82.37232289950576,124.6485,724.21837197,97.25,27.86,17.825,106.7,3.013698630136987,-2.721050024032592
2025-07-08,32.58203125,29.82083772163651,86.05927552140506,125.829,769.94109756,98.3,26.735,18.49,106.7,2.997260273972603,-2.852800011634827
2025-07-09,32.19921875,29.99192490402238,84.53099286889743,125.336,694.00618866,98.755,26.46,18.315,106.7,2.994520547945205,-2.76609992980957
2025-07-10,32.58203125,30.17704347558298,86.07456140350878,125.8635,684.1976417,98.41499999999999,26.95,18.555,106.7,3.005479452054795,-2.834349989891052
2025-07-11,33.34765625,30.35568930891632,90.46575342465754,125.8215,694.46338419,99.08500000000001,27.22,18.71,106.7,3.002739726027397,-2.940199971199036
2025-07-14,32.19921875,30.49521171392871,84.44687842278204,125.55,670.48168257,100.53,25.91,18.59,106.7,3.008219178082192,-2.996999979019165
2025-07-15,31.81640625,30.61780500698313,82.15654077723043,125.075,741.14133005,98.98,26.69,17.88,106.7,3.010958904109589,-2.674000024795532
2025-07-16,31.9116023213558,30.723061542695,82.33041575492341,125.358,743.60437142,99.02,27.0,18.695,106.75,3.00958904109589,-2.934599995613098
2025-07-17,33.73046875,30.876186542695,92.5095680699836,126.802,759.65409555,100.09,27.37,19.85,106.7,3.008219178082192,-3.224900007247925
2025-07-18,33.73046875,31.02931154269499,92.51366120218579,127.17,735.99546381,100.18,27.67,19.94,106.7,3.005479452054795,-3.283999919891357
2025-07-21,35.0703125,31.22709800102833,97.1600218459858,128.417,801.65561277,101.15,26.81,21.29,106.7,2.997260273972603,-3.629199981689453
2025-07-22,34.87890625,31.42488445936166,96.94323144104804,128.857,891.94551727,101.385,26.45,21.925,106.7,2.995890410958904,-3.689800024032593
2025-07-23,34.6875,31.622670917695,95.85379159847245,128.062,899.36114387,100.045,27.445,21.14,106.65,2.993150684931506,-3.617799997329711
2025-07-24,36.41015625,31.87787925102833,98.85496183206108,129.3335,836.96011997,101.965,27.1,22.805,106.6,2.99041095890411,-3.948650002479553
2025-07-25,36.41015625,32.120327167695,98.85558583106267,129.2465,833.37310237,102.14,27.095,22.535,106.5,2.987671232876712,-3.917349934577942
2025-07-28,34.49609375,32.29438630205377,95.53376906318083,128.202,823.61293794,102.125,26.055,21.99,106.5,2.97945205479452,-3.563700079917908
2025-07-29,34.87890625,32.48579255205377,96.84267827980403,128.245,849.82761317,102.1,26.5,22.24,106.4,2.975342465753425,-3.576600074768066
2025-07-30,35.26171875,32.67719880205377,97.49727965179544,128.5325,844.15479494,101.455,26.945,22.19,106.4,2.972602739726027,-3.623849987983704
2025-07-31,34.11328125,32.83032380205377,94.23599782490484,127.045,808.53825636,99.445,27.81,20.77,106.5,2.971232876712328,-3.363150000572205
2025-08-01,34.87890625,33.0089696353871,96.79347826086956,127.626,793.28561004,100.82,27.27,21.185,106.55,2.968493150684932,-3.448750019073486
2025-08-04,36.41015625,33.2386571353871,98.85931558935361,129.08,803.22179244,101.385,27.875,22.35,106.55,2.96027397260274,-3.875400066375732
2025-08-05,37.3671875,33.48481382737853,99.4028230184582,129.893,920.91021079,102.64,27.73,23.63,106.6,2.956164383561644,-4.145599842071533
2025-08-06,38.32421875,33.72726174404519,99.78296256104177,130.565,945.97541461,103.52,28.055,24.185,106.6,2.954794520547946,-4.322350025177002
2025-08-07,37.94140625,33.9569492440452,99.62039045553145,130.175,949.16218669,103.06,28.29,23.48,106.6,2.953424657534247,-4.288199901580811
2025-08-08,38.32421875,34.1866367440452,99.78319783197833,130.395,863.07810932,103.17,27.89,23.98,106.6,2.950684931506849,-4.357200145721436
2025-08-11,39.6640625,34.44822528571186,100.0,131.5,841.86752204,104.78,27.49,24.855,106.6,2.950684931506849,-4.613750219345093
2025-08-12,38.8984375,34.67153257737853,99.78343259339469,130.95,874.003536,104.07,26.9,24.59,106.6,2.956164383561644,-4.608799934387207
2025-08-13,39.6640625,34.95864195237853,100.0,132.0,1021.83002407,104.86,27.55,25.25,106.6,2.972602739726027,-4.665800094604492
2025-08-14,40.4296875,35.23299091071186,100.0,130.5825,1004.0626987,103.36,29.555,23.775,106.6,2.96027397260274,-4.487299919128418
2025-08-15,41.1953125,35.50733986904519,100.0,132.165,1080.56882289,104.94,28.61,25.36,106.6,2.947945205479452,-4.784900188446045
2025-08-18,41.9609375,35.84549091071186,100.0,133.421,1059.09285413,105.98,28.35,27.09,106.4,2.958904109589041,-5.191500186920166
2025-08-19,42.7265625,36.18364195237852,100.0,133.499,1059.82335751,106.68,27.59,27.15,106.4,2.956164383561644,-5.184400081634521
2025-08-20,42.7265625,36.53455341071186,100.0,134.161,874.78526715,107.12,27.03,27.89,106.3,2.953424657534247,-5.390299797058105
2025-08-21,44.2578125,36.92374611904519,100.0,134.475,971.13618263,106.92,27.65,27.72,106.3,2.950684931506849,-5.840400218963623
2025-08-22,45.0234375,37.31293882737852,100.0,135.314,985.19807067,107.41,27.93,28.61,106.3,2.938356164383562,-6.24685001373291
2025-08-25,45.7890625,37.76593361904519,100.0,136.053,1043.59254748,108.08,27.64,29.23,106.3,2.93972602739726,-6.385600090026855
2025-08-26,45.0234375,38.2061679940452,99.94614970382337,136.149,950.5693986,108.49,27.74,29.22,106.3,2.936986301369863,-6.303800106048584
2025-08-27,38.8984375,38.4390625,99.2465016146394,132.279,1193.9947871,105.32,25.955,25.475,106.3,2.936986301369863,-5.075099945068359
2025-08-28,38.8984375,38.611328125,99.24690693921463,132.0,1227.08268386,105.99,25.36,25.25,106.3,2.934246575342466,-5.08430004119873
2025-08-29,37.17578125,38.726171875,98.38709677419355,130.699,989.16799012,105.08,24.785,23.97,106.3,2.931506849315069,-4.698450088500977
2025-09-01,35.26171875,38.73255208333333,96.45351961311123,129.55,912.24744459,106.235,22.855,23.435,106.3,2.923287671232877,-4.438149929046631
2025-09-02,34.87890625,38.73255208333333,95.70354457572503,128.777,1058.42839154,104.08,23.87,22.465,106.35,2.92054794520548,-4.171000003814697
2025-09-03,36.41015625,38.78997395833333,97.85292538915728,128.9305,858.45703727,102.2,26.79,22.845,106.35,2.917808219178082,-4.298149824142456
2025-09-04,36.6015625,38.79635416666667,97.96137339055794,128.99,892.1273547,102.415,26.43,22.545,106.4,2.915068493150685,-4.3024001121521
2025-09-05,39.6640625,38.90481770833333,99.51742627345844,132.332,927.47525048,104.32,26.68,25.695,106.3,2.912328767123288,-5.195099830627441
2025-09-08,40.4296875,39.10260416666667,99.57127545551982,133.37,866.71925477,105.485,25.955,26.58,106.3,2.904109589041096,-5.692399978637695
2025-09-09,38.8984375,39.23658854166667,99.14301017675416,131.8185,834.69950558,104.12,26.09,24.65,106.3,2.901369863013699,-5.102999925613403
2025-09-10,37.94140625,39.32591145833333,98.66167023554604,130.9035,821.29533215,104.2,24.75,23.92,106.2,2.908219178082192,-4.654550075531006
2025-09-11,38.8984375,39.48541666666667,99.14392723381488,132.5545,913.20916151,106.33,24.82,25.5,106.3,2.905479452054794,-5.268899917602539
2025-09-12,39.6640625,39.644921875,99.46524064171123,132.832,916.53827078,105.39,26.45,25.77,106.2,2.912328767123288,-5.282550096511841
2025-09-15,39.6640625,39.75338541666667,99.4655264564404,131.785,797.66723831,104.93,25.44,24.71,106.3,2.904109589041096,-5.137999773025513
2025-09-16,38.8984375,39.80442708333333,99.03846153846155,131.37,872.55756258,105.89,24.6,24.83,106.3,2.901369863013699,-4.997349977493286
2025-09-17,39.6640625,39.84908854166667,99.46609717031501,131.68,891.02447969,106.65,24.45,24.915,106.3,2.898630136986301,-4.968200206756592
2025-09-18,39.6640625,39.90651041666667,99.46638207043756,130.0145,1070.55702806,106.06,25.12,24.17,106.3,2.895890410958904,-4.727650165557861
2025-09-19,38.8984375,39.92565104166667,98.93333333333332,129.712,903.03204729,105.62,25.15,24.07,106.2,2.893150684931507,-4.468999862670898
2025-09-22,37.55859375,39.85546875,98.08102345415777,129.078,821.74932057,105.13,24.105,23.025,106.25,2.884931506849315,-4.328400135040283
2025-09-23,38.32421875,39.836328125,98.5082578582845,128.4415,891.55270709,103.2,25.47,22.76,106.2,2.882191780821918,-4.287300109863281
2025-09-24,39.6640625,39.836328125,99.4675186368477,130.488,920.81324146,104.97,25.295,24.675,106.1,2.879452054794521,-4.711999893188477
2025-09-25,40.4296875,39.836328125,99.57424161788185,130.863,834.79747793,105.27,25.345,25.225,106.1,2.876712328767123,-4.788599967956543
2025-09-26,40.4296875,39.81080729166667,99.57446808510639,130.3765,762.66537397,104.18,26.16,24.57,106.1,2.873972602739726,-4.896349906921387
2025-09-29,41.1953125,39.78528645833333,99.62785752259437,131.773,829.18942563,105.76,26.65,25.56,106.1,2.865753424657534,-5.251650094985962
2025-09-30,42.7265625,39.78528645833333,99.7874601487779,132.4115,804.2729738,105.06,26.93,26.63,106.2,2.863013698630137,-5.436300039291382
2025-10-09,41.9609375,39.759765625,99.62825278810409,133.069,701.57685001,107.14,26.81,27.36,106.3,2.828767123287672,-5.631400108337402
2025-10-10,41.1953125,39.65768229166667,99.52229299363057,132.516,725.00474896,105.84,27.26,26.495,106.3,2.816438356164384,-5.584450006484985
2025-10-13,41.1953125,39.530078125,99.52254641909815,131.986,762.02274042,104.33,26.71,26.23,106.3,2.808219178082192,-5.450900077819824
2025-10-14,40.4296875,39.35143229166667,99.31071049840932,130.715,776.85283793,103.58,27.7,25.54,106.3,2.805479452054795,-5.218950033187866
2025-10-15,40.4296875,39.19830729166667,99.31107578166402,131.697,758.32756219,105.49,26.5,25.57,106.3,2.812328767123287,-5.33430004119873
2025-10-16,39.6640625,39.223828125,98.99364406779661,130.4645,649.23527657,105.02,27.0,24.57,106.4,2.80958904109589,-4.972400188446045
2025-10-17,39.6640625,39.24934895833334,98.99417681312865,129.669,603.49127104,102.39,28.53,23.16,106.4,2.797260273972603,-4.544450044631958
2025-10-20,38.8984375,39.30677083333333,98.3068783068783,129.734,615.43794145,103.87,27.73,23.39,106.4,2.789041095890411,-4.871200084686279
2025-10-21,41.1953125,39.50455729166666,99.52406134320465,130.634,655.84924925,105.57,27.165,25.205,106.5,2.795890410958904,-5.250800132751465
2025-10-22,39.6640625,39.6640625,98.94291754756871,130.458,561.75473251,104.73,27.17,24.36,106.5,2.802739726027397,-4.995399951934814
2025-10-23,40.046875,39.78528645833333,98.94347596407819,130.6005,557.36222463,104.965,27.285,24.02,106.55,2.8,-5.13919997215271
2025-10-24,41.1953125,39.93841145833333,99.52481520591341,132.0875,612.43318172,104.98,27.585,24.985,106.5,2.797260273972603,-5.20169997215271
2025-10-27,41.1953125,39.989453125,99.52506596306068,132.877,703.29342612,105.54,27.14,26.19,106.5,2.789041095890411,-5.568350076675415
2025-10-28,41.1953125,40.01497395833334,99.5253164556962,132.331,606.09997712,106.18,26.2,26.07,106.6,2.786301369863014,-5.396600008010864
2025-10-29,42.7265625,40.142578125,99.78914074855034,133.3,639.68897684,107.36,26.35,26.67,106.6,2.783561643835617,-5.31060004234314
2025-10-30,41.1953125,40.25104166666667,99.4731296101159,131.947,651.63595855,105.97,26.98,25.4,106.65,2.780821917808219,-4.989050149917603
2025-10-31,41.1953125,40.32760416666667,99.47340705634544,132.4,735.5868517,106.47,27.34,25.76,106.7,2.778082191780822,-5.023600101470947
2025-11-03,41.1953125,40.37864583333333,99.47368421052632,132.825,630.26253187,105.76,26.38,26.0,106.7,2.76986301369863,-5.153600215911865
2025-11-04,41.9609375,40.45520833333333,99.57916885849552,131.94,567.71752819,104.91,27.715,25.03,106.7,2.773972602739726,-4.847599983215332
2025-11-05,41.9609375,40.55729166666666,99.57939011566772,132.651,704.50856287,105.19,27.6,25.6,106.7,2.764383561643835,-5.222099781036377
2025-11-06,42.7265625,40.659375,99.7898055701524,133.0815,794.99393543,106.25,27.14,26.205,106.7,2.768493150684932,-5.498000144958496
2025-11-07,42.60397673657616,40.75737214121921,99.52731092436974,133.262,799.63874526,106.18,27.39,26.03,106.7,2.772602739726028,-5.447199821472168
2025-11-10,43.4921875,40.91049714121921,99.79002624671915,134.118,743.17142116,106.94,27.15,26.96,106.7,2.764383561643835,-5.759350061416626
2025-11-11,42.56071810705982,41.07723461978787,99.42287513116474,134.175,664.04087203,107.14,26.76,26.85,106.7,2.761643835616439,-5.540300130844116
2025-11-12,43.4921875,41.24950024478787,99.79024646040901,133.882,633.72812508,105.19,27.34,26.29,106.8,2.758904109589041,-5.537500143051147
2025-11-13,43.4921875,41.37710441145453,99.79035639412997,135.008,806.01051234,106.68,27.33,27.73,106.8,2.756164383561644,-5.900000095367432
2025-11-14,42.7265625,41.45366691145453,99.6333158721844,133.936,724.3923921,105.84,27.28,26.58,106.8,2.753424657534246,-5.565199851989746
2025-11-17,43.109375,41.5429898281212,99.63350785340313,133.268,730.43218689,105.77,27.47,26.14,106.9,2.745205479452055,-5.543800115585327
2025-11-18,43.4921875,41.6195523281212,99.79068550497122,133.012,686.56414331,104.15,28.41,25.69,106.8,2.742465753424657,-5.337049961090088
2025-11-19,44.2578125,41.67059399478786,99.84309623430963,133.163,659.15535585,103.69,30.15,24.84,106.8,2.73972602739726,-5.411700010299683
2025-11-20,44.2578125,41.74715649478787,99.84317825405122,132.77,635.34880409,101.99,31.26,24.95,106.9,2.736986301369863,-5.388450145721436
2025-11-21,46.5546875,41.9258023281212,100.0,131.298,573.60024032,98.34,34.485,23.62,106.9,2.735616438356165,-5.040299892425537
2025-11-24,46.5546875,42.10444816145453,100.0,131.665,619.49607073,98.91,33.85,24.58,106.8,2.728767123287671,-5.138999938964844
2025-11-25,45.80780069194874,42.28371860118616,99.89561586638831,132.002,677.47312915,99.65,32.83,24.83,106.8,2.726027397260274,-5.186300039291382
2025-11-26,44.2578125,42.41132276785283,99.68701095461658,131.12,581.68746002,100.425,31.525,23.8,106.8,2.728767123287671,-4.807499885559082
2025-11-27,42.7265625,42.51340610118616,99.2179353493222,130.6455,549.72094377,101.01,30.08,23.12,106.8,2.726027397260274,-4.608399868011475
2025-11-28,44.2578125,42.66653110118616,99.6873371547681,131.049,651.90078283,101.84,29.84,24.1,106.8,2.717808219178082,-4.857549905776978
2025-12-01,44.2578125,42.84517693451949,99.6875,131.41,553.72317561,102.14,29.79,24.41,106.8,2.70958904109589,-4.881350040435792
2025-12-02,43.4921875,42.92173943451949,99.37532535137949,130.5435,468.77995646,101.035,29.98,23.5,106.8,2.712328767123288,-4.729499816894531
2025-12-03,43.4921875,43.04934360118616,99.37565036420395,130.4355,541.32715429,100.91,30.525,23.3,106.8,2.726027397260274,-4.735099792480469
2025-12-04,44.2578125,43.1897081845195,99.68798751950078,130.204,525.77421356,100.16,31.58,23.33,106.7,2.723287671232877,-4.615300178527832
2025-12-05,45.0234375,43.31731235118616,99.7920997920998,131.6435,601.70441439,101.53,31.19,24.61,106.75,2.720547945205479,-4.964200019836426
2025-12-08,45.7890625,43.47043735118616,99.84415584415585,132.3265,653.18623914,101.65,30.455,24.795,106.75,2.712328767123287,-5.143799781799316
2025-12-09,44.2578125,43.5725206845195,99.5846313603323,131.255,592.95409709,100.37,30.335,24.17,106.75,2.70958904109589,-4.996699810028076
2025-12-10,44.640625,43.63632276785282,99.58484691229891,131.852,544.70149666,100.58,30.73,24.92,106.7,2.717808219178082,-5.08489990234375
2025-12-11,44.2578125,43.73840610118616,99.53319502074689,130.954,568.47298957,99.32,32.14,23.81,106.8,2.715068493150685,-4.751100063323975
2025-12-12,44.2578125,43.84048943451949,99.53343701399689,130.82,673.87659989,100.22,32.32,23.61,106.8,2.717808219178082,-4.774099826812744
2025-12-15,44.10877236233136,43.93760476326387,99.01554404145078,130.779,594.27535778,100.29,31.77,23.19,106.7,2.70958904109589,-4.663850069046021
2025-12-16,44.2578125,44.01416726326387,99.53392024857587,129.893,578.99325685,99.22,33.3,22.435,106.7,2.704109589041096,-4.45550012588501
2025-12-17,45.0234375,44.1162505965972,99.74120082815735,130.779,632.60076039,100.48,33.32,23.55,106.8,2.698630136986301,-4.72730016708374
2025-12-18,45.0234375,44.19281309659721,99.74133471288154,131.212,657.54635126,100.65,33.11,23.91,106.8,2.684931506849315,-4.963200092315674
2025-12-19,44.2578125,44.247940955378,99.43123061013443,131.766,719.04490459,101.58,32.52,24.54,106.9,2.671232876712329,-5.028200149536133
2025-12-22,45.40625,44.31174303871133,99.74160206718346,132.9,705.93895745,101.85,32.86,24.93,106.9,2.663013698630137,-5.269000053405762
2025-12-23,45.0234375,44.39383368514267,99.69008264462809,132.343,714.95923697,100.89,32.78,24.27,106.9,2.66027397260274,-5.130300045013428
2025-12-24,45.7890625,44.47039618514268,99.8451213216314,133.269,759.88347736,102.02,32.97,25.39,106.9,2.657534246575342,-5.360050201416016
2025-12-25,46.5546875,44.57247951847601,100.0,134.229,886.25349472,102.94,32.72,26.81,106.9,2.654794520547945,-5.677899837493896
2025-12-26,45.7890625,44.67456285180934,99.79370809695719,134.0085,941.84237802,102.225,32.735,26.405,106.8,2.663013698630137,-5.512499809265137
2025-12-29,45.0234375,44.73836493514268,99.5360824742268,132.9805,781.7443209,102.265,31.29,25.205,106.8,2.654794520547945,-5.404099941253662
2025-12-30,45.7890625,44.81492743514267,99.79392065945389,133.217,831.64572056,102.23,32.08,25.75,106.8,2.663013698630137,-5.409150123596191
2025-12-31,46.5546875,44.89148993514267,100.0,133.693,819.49362218,101.82,32.88,26.25,106.7,2.665753424657534,-5.47760009765625
2026-01-05,48.62186529882266,45.03695836177009,100.0,135.4125,851.03145921,103.015,32.885,27.585,106.8,2.671232876712328,-6.236400127410889
2026-01-06,50.38281249999999,45.16456252843675,100.0,137.383,960.3183951,104.035,33.905,29.68,106.8,2.668493150684932,-6.54010009765625
2026-01-07,50.38281249999999,45.29216669510343,100.0,137.118,929.14044754,103.69,33.88,29.42,106.8,2.646575342465753,-6.766499996185303
2026-01-08,51.1484375,45.47018792203846,100.0,137.264,980.25427097,104.81,33.48,29.96,106.8,2.643835616438356,-7.000450134277344
2026-01-09,52.67968749999999,45.75091708870513,100.0,138.129,1019.30055336,105.94,33.08,31.07,106.8,2.641095890410959,-7.343199968338013
2026-01-12,53.28500421241743,46.10286514578571,100.0,139.847,1085.95916097,107.09,33.32,31.73,106.9,2.632876712328767,-7.700196266174316
2026-01-13,50.77174207172826,46.31999613150999,99.84607491021038,137.8,1039.26812839,105.94,33.13,29.64,106.9,2.63013698630137,-7.138006925582886
2026-01-14,51.40005760690056,46.55807096840667,99.8974358974359,137.8735,1115.51056187,106.28,32.935,30.19,106.85,2.646575342465753,-7.398381233215332
2026-01-15,50.77174207172826,46.80072278746429,99.79497693490518,138.082,954.59489413,106.72,32.79,30.36,106.9,2.624657534246575,-7.487029552459717
2026-01-16,52.02837314207286,47.08526230886671,99.89754098360656,139.009,1035.46146966,106.985,33.905,31.52,106.9,2.66986301369863,-7.632999420166016
2026-01-19,52.02837314207286,47.34428099693581,99.89759344598055,139.717,870.37825994,107.81,33.25,31.58,106.9,2.671232876712329,-7.806494474411011
2026-01-20,50.77174207172826,47.53589114932675,99.69293756397134,138.9765,884.55222199,108.115,32.935,31.25,106.9,2.658904109589041,-7.607332229614258
2026-01-21,52.65668867724514,47.76481202190158,99.89769820971867,140.539,913.64748349,108.19,33.23,32.22,106.9,2.646575342465753,-8.058271884918213
2026-01-22,53.91331974758972,48.08666226348792,100.0,142.227,958.86878936,109.87,33.94,33.6,106.9,2.643835616438356,-8.253330707550049
2026-01-23,53.80638504914673,48.39218759845947,99.94890137966274,143.095,1041.86030124,111.385,33.11,35.245,106.9,2.650684931506849,-8.90568208694458
2026-01-26,51.18584641543078,48.62312206230716,99.59141981613891,140.9865,962.87954951,110.52,33.42,33.565,107.0,2.642465753424657,-7.867060661315918
2026-01-27,51.37864493194054,48.86048314337185,99.59162838182746,140.8495,909.57309009,110.125,33.64,33.625,107.0,2.63972602739726,-7.88421106338501
2026-01-28,54.04092624800526,49.19155493956098,100.0,142.463,837.31527794,110.04,35.6,34.85,107.0,2.646575342465753,-8.492574691772461
2026-01-29,53.50355170492101,49.49974624639167,99.84701682814891,141.393,870.4931296,108.75,36.02,33.74,107.1,2.643835616438356,-8.155010223388672
2026-01-30,51.4861335204844,49.71516944707449,99.54128440366972,140.004,933.60048837,108.745,33.02,31.915,107.1,2.641095890410959,-7.679485559463501
2026-02-02,48.60141949155415,49.83443551345963,98.98115129903209,136.7195,851.4576538,105.45,33.18,28.925,107.1,2.632876712328767,-6.748851776123047
2026-02-03,52.01470080878712,50.09299845708586,99.54175152749491,140.358,976.05877339,108.17,34.56,32.22,107.1,2.63013698630137,-7.699113845825195
2026-02-04,51.70356434907306,50.3029089353883,99.49109414758269,140.113,873.71813112,109.29,32.21,31.32,107.1,2.627397260273973,-7.672318935394287
2026-02-05,50.75061334007089,50.493814796724,99.03357070193286,139.524,741.59718556,108.285,32.585,31.34,107.1,2.626027397260274,-7.480112075805664
2026-02-06,53.02152932857523,50.73489702434317,99.74580579562786,140.838,888.14177967,107.78,33.95,32.49,107.1,2.621917808219178,-7.640839576721191
2026-02-09,55.7982663531066,51.04301631944672,100.0,141.95,858.53446521,109.6,34.28,33.61,107.2,2.613698630136986,-8.075705528259277
2026-02-10,55.83765361189761,51.37796935650998,100.0,141.777,765.80464032,109.12,33.98,33.47,107.2,2.610958904109589,-7.867918968200684
2026-02-11,55.65616453892408,51.73239359114078,99.8984771573604,142.3225,741.29908019,109.0,34.67,33.81,107.25,2.608219178082192,-7.913121700286865
2026-02-12,57.05489742345118,52.10792142192248,100.0,142.563,834.14593254,109.03,35.07,33.69,107.3,2.605479452054794,-8.10152530670166
2026-02-13,56.42658188827889,52.43698456819845,99.94929006085192,141.894,758.93820414,107.46,35.84,32.86,107.2,2.602739726027397,-8.045161247253418
2026-02-24,56.42658188827889,52.69714178784699,99.94931576279778,143.491,649.98595717,109.0,35.75,34.59,107.3,2.573972602739726,-8.320677757263184
2026-02-25,55.7982663531066,52.87765691628388,99.79736575481256,144.163,796.08646233,111.57,33.81,34.74,107.2,2.572602739726027,-8.509480476379395
2026-02-26,53.91331974758972,52.99534049120354,99.59493670886076,143.2935,734.41965429,111.22,32.305,33.125,107.2,2.56986301369863,-8.034806251525879
2026-02-27,52.65668867724514,53.04561553044505,99.24089068825911,142.621,766.34009726,111.155,30.47,32.495,107.2,2.567123287671233,-7.989689350128174
2026-03-02,53.59916198000358,53.0762646797785,99.44360141628731,142.2435,724.70163723,109.88,32.175,32.425,107.2,2.558904109589041,-8.02999496459961
2026-03-03,52.65668867724514,53.05532082860609,99.19110212335693,139.771,769.24413027,106.945,31.585,30.81,107.25,2.556164383561644,-7.302731990814209
2026-03-04,52.44195944323785,53.11099474098974,99.03991915108641,139.424,781.32746794,105.92,32.01,30.37,107.3,2.553424657534247,-7.350454330444336
2026-03-05,50.89045784240594,53.09400808217325,98.53535353535354,140.02,730.87955056,106.875,31.725,30.765,107.35,2.550684931506849,-7.491890907287598
2026-03-06,49.60979697099964,53.05527657881563,98.18273599192328,140.687,671.08963487,108.41,30.845,30.73,107.35,2.552054794520548,-7.738038301467896
2026-03-09,50.87150997588626,53.01671447327608,98.48637739656913,140.083,773.04063042,107.3,30.99,30.47,107.4,2.53972602739726,-7.599052429199219
2026-03-10,50.99524013812393,52.98227670647778,98.53756933938477,141.486,658.0385215,109.47,31.23,31.43,107.4,2.536986301369863,-7.976804971694946
2026-03-11,51.21182128504405,52.9969460135883,98.63911290322581,141.2255,668.12317183,109.645,30.83,31.525,107.4,2.538356164383562,-7.990080595016479
2026-03-12,49.18456703304314,52.88120862544824,97.98488664987406,139.636,634.726628,108.23,29.66,30.26,107.5,2.53972602739726,-7.456743717193604
2026-03-13,48.10019629940177,52.68743784384198,97.83484390735147,138.5945,735.84262145,107.69,28.265,28.885,107.5,2.532876712328767,-7.001533031463623
2026-03-16,48.91644470514719,52.52443983237531,97.93658782083543,138.303,735.3433388,107.29,28.99,28.66,107.5,2.528767123287671,-6.951236009597778
2026-03-17,47.18685396836714,52.39114008413987,97.7364185110664,135.955,661.30502119,106.34,29.52,26.51,107.5,2.521917808219178,-6.394807815551758
2026-03-18,48.94804555266636,52.31012010483072,97.93866264454499,137.8465,655.85961236,105.97,29.64,28.09,107.55,2.519178082191781,-6.814959049224854
2026-03-19,47.57873217502875,52.09471363573151,97.68844221105527,135.261,609.07853565,103.855,29.635,26.17,107.55,2.516438356164383,-6.173226356506348
2026-03-20,46.28294174579979,51.85402663709413,97.38824711200402,133.939,689.50616902,102.09,30.98,25.09,107.6,2.517808219178082,-5.742264270782471
2026-03-23,48.8867954662114,51.76738203528503,97.84136546184739,131.671,725.98148751,96.95,34.57,23.13,107.6,2.50958904109589,-9.807929830840294
2026-03-24,51.40005760690056,51.86066997246325,98.74560963371802,135.1925,762.89100757,99.82,35.5,25.885,107.6,2.502739726027397,-10.74618623031711
2026-03-25,52.02837314207286,51.86112571690612,98.99699097291875,136.802,749.26850684,100.44,34.6,27.08,107.6,2.495890410958904,-11.12209819613781
2026-03-26,50.77174207172826,51.83006497432795,98.24561403508771,134.777,615.33374946,100.0,34.495,25.575,107.65,2.497260273972603,-10.49661136132272
2026-03-27,50.77174207172826,51.8307692653832,98.24649298597194,135.47,718.31859661,99.46,33.9,26.11,107.7,2.49041095890411,-10.80324340489824
2026-03-30,49.51511100138369,51.71388865447681,97.79669504256384,134.155,666.41537574,99.82,32.56,25.16,107.7,2.49041095890411,-10.40324162822798
2026-03-31,48.25847993103911,51.46256244040789,97.44744744744744,132.6375,667.76644588,97.88,33.05,23.57,107.7,2.483561643835617,-10.14880997306136
2026-04-01,51.40005760690056,51.31464257357466,98.69934967483742,135.5405,786.90048585,100.04,34.51,26.03,107.75,2.480821917808219,-10.77667269486483
2026-04-02,50.14342653655598,51.13088464016239,97.8,134.366,676.29407254,98.96,34.33,24.47,107.7,2.482191780821918,-10.26678868594899
2026-04-03,52.65668867724514,50.98427768195552,99.20039980009994,134.609,662.3116687,95.825,37.51000000000001,24.68,107.8,2.475342465753425,-10.32546670997363
2026-04-07,50.90361491926484,50.80017878298838,98.25174825174825,135.531,602.30720342,96.74000000000001,37.355,25.995,107.85,2.471232876712329,-10.52905534705133
2026-04-08,54.54163528276202,50.73734722947115,99.65052421367947,139.0785,815.64037674,101.225,36.62,28.775,107.85,2.461643835616438,-11.62428266719871
2026-04-09,55.1699508179343,50.71640337829874,99.6506986027944,137.84,748.21678898,98.94999999999999,38.145,28.245,107.9,2.465753424657534,-11.33602531292127
2026-04-10,55.1699508179343,50.75829108064357,99.65087281795512,137.5135,828.26812112,100.065,37.07,27.755,107.95,2.483561643835617,-11.23110602086853
2026-04-13,53.28500421241743,50.77923493181597,99.20239282153538,137.035,629.46440961,99.525,36.93,26.845,107.8,2.497260273972603,-11.34242910546163
2026-04-14,55.1699508179343,50.831594559747,99.65122072745392,138.511,714.9817048,99.29,37.61,28.58,107.7,2.498630136986301,-11.37338605607511
2026-04-15,55.7982663531066,50.93631381560905,99.800796812749,138.871,791.28862068,100.415,37.045,29.03,107.8,2.491780821917808,-11.34335871345684
2026-04-16,56.42658188827889,51.06913456377708,99.95022399203583,140.4,914.8049434,102.1,37.35,30.39,107.9,2.484931506849315,-11.98840679734531
2026-04-17,58.31152849379576,51.31650358549008,100.0,140.697,830.16474014,102.95,38.15,30.57,107.9,2.482191780821918,-12.22455703030392
2026-04-20,57.68321295862346,51.5856174517442,99.95027349577325,140.233,784.68356128,102.635,37.93,31.395,107.9,2.478082191780822,-12.47089925167529
2026-04-21,57.68321295862346,51.81267421783544,99.95029821073558,140.092,765.70059691,101.95,37.57,30.775,107.9,2.475342465753425,-12.36604217556305
2026-04-22,58.31152849379576,52.05655049635784,100.0,140.68,806.74763121,102.24,37.33,31.45,107.8,2.476712328767123,-12.51698606269201
2026-04-23,57.68321295862346,52.27226355214382,99.90069513406156,139.9505,833.90085459,101.885,37.37,31.03,107.8,2.487671232876712,-12.24703147247055
2026-04-24,57.05489742345118,52.53460789849075,99.75186104218362,139.769,812.11882731,100.635,37.61,30.36,107.9,2.467123287671233,-12.20457166949927
2026-04-27,57.05489742345118,52.83309793595906,99.75198412698413,139.6215,775.25413322,100.49,37.925,30.6,107.85,2.458904109589041,-12.46516111828896
2026-04-28,55.7982663531066,53.06249199089105,99.40505701536935,137.93,870.58066483,98.99,36.59,29.39,107.9,2.452054794520548,-12.09681029678904
2026-04-29,57.68321295862346,53.4123706238996,99.90089197224975,139.3175,872.79644722,100.29,37.35,30.095,107.9,2.431506849315069,-12.38254175856128
2026-04-30,57.68321295862346,53.70354287076484,99.90094105993066,138.373,787.81846562,101.155,36.47499999999999,29.86,107.9,2.428767123287671,-12.43981013940356
2026-05-06,58.93984402896806,54.08224659922947,100.0,139.87,827.70534559,101.96,37.85,31.27,107.9,2.43013698630137,-12.84894957130746
2026-05-07,58.93984402896806,54.50414334200175,100.0,140.416,834.66424187,102.56,37.16500000000001,31.625,107.9,2.431506849315069,-12.98984190802003
2026-05-08,58.93984402896806,54.8392449607603,100.0,140.888,819.43996821,103.46,36.76,32.28,107.9,2.432876712328767,-12.93984703005663
2026-05-11,58.93984402896806,55.09057117482921,100.0,141.881,844.23770043,103.645,36.2,32.68000000000001,108.0,2.438356164383562,-13.37980350923317
2026-05-12,57.05489742345118,55.25812198420849,99.45652173913044,139.878,782.74700934,103.05,35.545,31.065,108.05,2.435616438356164,-12.87093438262673
2026-05-13,56.42658188827889,55.44661664476018,99.25925925925925,140.104,861.9243768,103.78,35.41,30.855,108.05,2.432876712328767,-12.85001182150154
2026-05-14,52.0535619519958,55.48934397410243,97.82823297137216,138.5,898.51024548,102.93,34.91,28.72,108.0,2.446575342465753,-11.99068891830393
2026-05-15,52.73274260063092,55.596598360744,98.1253083374445,138.023,962.67548131,101.94,35.555,28.505,108.15,2.446575342465753,-12.15469618964562
2026-05-18,52.41832484749375,55.73525985795916,97.7810650887574,137.6785,817.89000321,101.995,35.345,29.025,108.1,2.450684931506849,-11.85878317606694
2026-05-19,56.36589421888469,55.9007877450253,99.06357811729917,139.013,864.36062969,103.77,35.485,30.16,108.2,2.446575342465753,-12.36169593241357
2026-05-20,55.6148380903764,56.08316813015265,98.7192118226601,138.237,857.4628777,103.15,36.3,29.04,108.2,2.446575342465753,-12.07665879014712
2026-05-21,55.25866071581837,56.16990053143843,98.67060561299851,136.8,907.88726061,99.72,39.2,28.18,108.2,2.446575342465753,-11.76567794378571
2026-05-22,55.35272648429776,56.31820425027286,98.67125984251969,137.362,890.10848669,100.8,37.355,27.97,108.2,2.450684931506849,-11.79637604318487
2026-05-25,53.52412456034321,56.28428722619223,98.13084112149532,137.714,919.41270205,101.3,37.73,27.24,108.1,2.484931506849315,-11.78829875494557
2026-05-26,52.36295887227526,56.19072082800359,97.49262536873157,135.943,920.20310283,101.07,38.95,26.91,108.1,2.484931506849315,-11.65194912024162
2026-05-27,50.92632725316059,56.0492667091778,96.70761670761671,135.461,961.59665376,98.96,41.12,25.32,108.2,2.484931506849315,-11.27792213777866
2026-05-28,52.58821334442665,56.02604034691144,97.59332023575638,135.424,937.16042298,98.285,40.175,26.6,108.35,2.450684931506849,-11.35071530981805
2026-05-29,51.13060079340058,55.89139534609365,96.71084928816887,133.881,870.05129918,95.1,41.8,24.11,108.3,2.484931506849315,-10.82239253519219
2026-06-01,53.43714588549733,55.81269133050668,98.03729146221785,135.1,840.35225573,96.83,41.84,25.7,108.2,2.512328767123288,-11.31875964860228
2026-06-02,54.38009925939169,55.74447524287711,98.38155958803335,135.798,855.75934063,95.76,44.69,25.84,108.3,2.484931506849315,-11.53539775910758
2026-06-03,55.58853622200852,55.65370883381753,98.6764705882353,135.253,870.90767786,94.14,43.61,25.89,108.3,2.504109589041096,-11.55039731507713
2026-06-04,53.34278490610949,55.50902789873373,97.89318961293483,133.8,865.65936713,92.62,45.47,24.22,108.3,2.504109589041096,-11.00474056576786
2026-06-05,53.9589549059442,55.38488596364443,98.23702252693438,134.021,867.24812928,91.95500000000001,44.39,24.39,108.4,2.508219178082192,-11.28714347418281
2026-06-08,53.52127327374081,55.22521078964259,97.94419970631424,133.019,812.49889149,91.05,48.14,24.63,108.3,2.526027397260274,-11.01188828551585
2026-06-09,55.23476219993884,55.1435957643531,98.53228962818004,133.99,955.11320434,91.5,47.61,24.89,108.3,2.526027397260274,-11.02731971925096
2026-06-10,53.17555599674317,55.01428438346284,97.60391198044009,131.89,846.65902417,90.78,47.01,23.29,108.3,2.512328767123288,-10.85394403035934
2026-06-11,53.60699230511609,54.89935421285167,97.9960899315738,132.595,900.50857598,90.65,48.18,23.6,108.3,2.512328767123288,-10.5492573245283
2026-06-12,53.75994672887076,54.83141022537713,97.99706888128969,133.341,884.53565763,90.82,47.69,24.625,108.3,2.494520547945205,-10.9526885356172
2026-06-15,56.17179233035678,54.78102953776825,99.0234375,134.08,841.77397283,91.95,48.33,26.11,108.3,2.526027397260274,-11.58314719737973
2026-06-16,55.60237170163465,54.71166816253528,98.63347974621767,134.359,877.09420496,92.34,47.74,25.67,108.3,2.512328767123288,-11.66827320634184
2026-06-17,53.96099037758088,54.54570637415572,98.09756097560975,133.1065,881.3330817,90.845,48.49,25.395,108.25,2.519178082191781,-11.33311254841828
2026-06-18,51.9231532762623,54.31181668239886,96.53827401267674,132.2055,852.81821765,90.0,47.59999999999999,23.88,108.2,2.526027397260274,-10.81682234642358
2026-06-22,51.63857788762095,54.06844114435395,96.44249512670565,131.8525,750.75134074,90.395,46.345,23.69,108.3,2.498630136986302,-10.81553108831941
2026-06-23,51.42883833055896,53.81807428774032,96.34680954700438,131.3325,668.16204524,89.655,46.845,23.015,108.25,2.498630136986302,-10.87049440022384
2026-06-24,52.63131689369176,53.67062160341501,96.98149951314508,130.676,733.31872458,88.86,48.235,22.155,108.25,2.498630136986302,-10.47615532072086
2026-06-25,50.55918103977902,53.47504157513167,95.32846715328466,129.2385,749.47684074,87.535,47.72499999999999,20.37,108.3,2.498630136986302,-10.28939141189767
2026-06-26,50.94523147449339,53.4380972258816,95.8171206225681,128.1705,738.72877668,85.46000000000001,49.48,19.59,108.25,2.498630136986302,-9.8490123632655
2026-06-29,49.81786753192899,53.34093472359153,95.08993680116676,128.05,783.21708956,85.54,47.47,19.74,108.3,2.512328767123288,-9.603707684291297
2026-06-30,52.08280675519854,53.32975078718169,96.7444120505345,129.2475,919.587653275,86.94999999999999,50.305,21.915,107.95,2.527397260273973,-9.774446416267892
2026-07-01,52.89657203761947,53.21410671447286,97.28023312287519,129.936,971.738463265625,89.33500000000001,49.055,23.04,107.9,2.527397260273973,-10.27418904397564
2026-07-02,53.75190564538772,53.15200896630656,97.81553398058253,130.4435,895.55990193125,89.525,50.465,24.195,107.9,2.527397260273973,-10.3399515928686
2026-07-03,54.87429649940222,53.13919682575935,98.2532751091703,131.88,929.6103272501855,89.74,47.43,24.34,108.0,2.527397260273973,-11.10349096305981
2026-07-06,55.41482832789166,53.14126688721248,98.54510184287099,131.989,814.03685191,87.66,49.86,24.84,107.9,2.535616438356165,-10.97807389480294
2026-07-07,54.16677383019746,53.16268852954095,98.06107610276297,130.3335,799.38345548,84.9,52.7,23.15,107.85,2.542465753424658,-10.68991971173091
2026-07-08,55.74422065046338,53.27539725548056,98.74031007751938,130.329,704.42557345,84.41,54.47,23.2,107.9,2.542465753424658,-10.49736900504286
2026-07-09,55.88967741584704,53.44084226090344,98.98305084745763,130.04,857.55787493,83.9,55.57,22.87,107.9,2.542465753424658,-10.2751120970288
2026-07-10,55.15814474466654,53.52650664091144,98.11229428848016,131.567,902.29807576,85.51,52.44,22.56,108.0,2.542465753424658,-10.09963856638933
2026-07-13,54.50326367148298,53.63892873684753,97.96806966618288,129.8255,724.95196891,82.16499999999999,56.545,22.14,107.5,2.564383561643836,-9.971288530359743
2026-07-14,56.75527958071164,53.74953319335467,99.27466150870407,131.072,828.15827335,83.185,57.5,23.85,107.5,2.564383561643836,-10.24459456239128
2026-07-15,56.51760023185823,53.82078322577021,99.22667955534075,131.66,764.38543349,83.66,57.31,24.65,107.45,2.586301369863014,-10.34031598985166
2026-07-16,56.75054507912769,53.85951685434085,99.22705314009661,131.372,691.87326678,84.43,57.37,24.75,107.5,2.586301369863014,-10.33211851667147
2026-07-17,59.10277239881994,54.0515164374312,100.0,131.0,727.73904456,80.14500000000001,64.27000000000001,24.275,107.2,2.587671232876713,-9.798591826966003
2026-07-20,60.61390224460175,54.27334801538645,100.0,131.4885,753.82394763,80.215,65.78999999999999,24.515,107.2,2.587671232876713,-9.83688492065994
2026-07-21,62.4560329204487,54.57117333694339,100.0,132.294,959.74303158,80.42,65.86,25.725,107.15,2.587671232876713,-10.2557309743861
2026-07-22,62.64445506040975,54.81816309895908,100.0,131.8115,762.42289692,80.69,62.28,23.1,107.8,2.587671232876713,-10.16191369129956
2026-07-23,61.98383785284672,55.11177249416254,99.90361445783132,131.5685,549.10060541,82.81,59.325,24.205,107.85,2.564383561643836,-10.59949645241431
2026-07-24,61.88140535112692,55.38758626236289,99.85549132947978,130.375,510.91293963,80.34,62.13,22.545,107.95,2.564383561643836,-10.29163833758503
2026-07-27,63.05491586089276,55.69741856676362,100.0,131.7755,562.50903822,81.965,60.985,24.795,107.9,2.587671232876713,-10.98058057650633
2026-07-28,61.72757507344539,55.88261132486658,99.75938402309913,131.199,478.06123186,81.55,60.84,24.26,107.9,2.589041095890411,-10.4935401288094
2026-07-29,61.64346893978784,56.08398123280502,99.71139971139971,132.594,670.49571924,82.88,59.69,25.01,108.0,2.587671232876713,-11.05151207357267
2026-07-30,61.83550131765087,56.34646493080735,99.75961538461539,132.4655,552.60326524,82.62,60.66,25.395,107.95,2.589041095890411,-10.91018661878024
2026-07-31,62.16339041447316,56.68780616874771,99.85583853916387,133.5635,678.26831421,84.145,60.035,26.035,107.9,2.609589041095891,-11.16291612168425
